order_split_id,created_at,order_type,state,folder_id,folder_state
12,2023-10-21 13:57:56.723,ADMIN,EK_CLIENT_ORDER_CANCELED,12,EK_BANK_REFUSED
16,2023-10-22 17:02:23.588,ADMIN,EK_ORDER_DELIVERED,16,FINANCIAL_FOLDER
6,2023-10-09 03:37:14.031,ADMIN,EK_CLIENT_ORDER_CANCELED,6,EK_BANK_REFUSED
9,2023-10-12 14:28:47.464,ADMIN,EK_CLIENT_ORDER_CANCELED,9,EK_ADMIN_FOLDER_CANCELED
1,2023-10-08 15:30:40.903,ADMIN,EK_CLIENT_ORDER_CANCELED,1,EK_BANK_REFUSED
3,2023-10-08 22:22:13.871,ADMIN,EK_ORDER_DELIVERED,3,FINANCIAL_FOLDER
76,2024-02-13 18:20:19.215,CLIENT,EK_ORDER_PENDING,76,EK_FOLDER_REFUSED
58,2024-02-06 12:01:51.683,CLIENT,EK_ORDER_DELIVERED,58,FINANCIAL_FOLDER
15,2023-10-22 10:37:11.837,ADMIN,EK_ORDER_DELIVERED,15,FINANCIAL_FOLDER
54,2024-02-01 13:09:02.511,CLIENT,EK_CLIENT_ORDER_CANCELED,54,EK_ADMIN_FOLDER_CANCELED
56,2024-02-05 11:26:03.254,CLIENT,EK_CLIENT_ORDER_CANCELED,56,EK_ADMIN_FOLDER_CANCELED
43,2024-01-24 00:34:55.853,CLIENT,EK_CLIENT_ORDER_CANCELED,43,EK_ADMIN_FOLDER_CANCELED
20,2023-12-17 12:01:41.805,ADMIN,EK_ORDER_DELIVERED,20,FINANCIAL_FOLDER
46,2024-01-24 01:20:04.925,CLIENT,EK_CLIENT_ORDER_CANCELED,46,EK_ADMIN_FOLDER_CANCELED
52,2024-01-29 19:44:41.688,CLIENT,EK_CLIENT_ORDER_CANCELED,52,EK_ADMIN_FOLDER_CANCELED
28,2024-01-15 12:59:40.176,CLIENT,EK_CLIENT_ORDER_CANCELED,28,EK_ADMIN_FOLDER_CANCELED
24,2024-01-10 10:55:50.093,ADMIN,EK_CLIENT_ORDER_CANCELED,24,EK_BANK_REFUSED
32,2024-01-16 15:05:54.101,CLIENT,EK_CLIENT_ORDER_CANCELED,32,EK_ADMIN_FOLDER_CANCELED
66,2024-02-10 14:47:55.762,CLIENT,EK_CLIENT_ORDER_CANCELED,66,EK_ADMIN_FOLDER_CANCELED
50,2024-01-28 14:54:02.216,CLIENT,EK_CLIENT_ORDER_CANCELED,50,EK_ADMIN_FOLDER_CANCELED
10,2023-10-14 14:30:43.525,ADMIN,EK_ORDER_DELIVERED,10,FINANCIAL_FOLDER
26,2024-01-15 12:35:29.367,ADMIN,EK_ORDER_DELIVERED,26,FINANCIAL_FOLDER
34,2024-01-16 16:13:01.181,CLIENT,EK_CLIENT_ORDER_CANCELED,34,EK_ADMIN_FOLDER_CANCELED
4,2023-10-09 01:46:21.315,ADMIN,EK_ORDER_DELIVERED,4,FINANCIAL_FOLDER
22,2024-01-03 11:01:29.916,ADMIN,EK_CLIENT_ORDER_CANCELED,22,EK_BANK_REFUSED
5,2023-10-09 02:39:58.831,ADMIN,EK_ORDER_DELIVERED,5,FINANCIAL_FOLDER
39,2024-01-22 12:05:57.885,CLIENT,EK_CLIENT_ORDER_CANCELED,39,EK_ADMIN_FOLDER_CANCELED
41,2024-01-23 14:59:05.612,CLIENT,EK_CLIENT_ORDER_CANCELED,41,EK_ADMIN_FOLDER_CANCELED
30,2024-01-16 11:33:05.508,CLIENT,EK_CLIENT_ORDER_CANCELED,30,EK_ADMIN_FOLDER_CANCELED
48,2024-01-26 18:56:24.260,CLIENT,EK_CLIENT_ORDER_CANCELED,48,EK_ADMIN_FOLDER_CANCELED
79,2024-02-15 09:55:22.575,CLIENT,EK_CLIENT_ORDER_CANCELED,79,EK_ADMIN_FOLDER_CANCELED
11,2023-10-14 15:55:19.721,ADMIN,EK_ORDER_DELIVERED,11,FINANCIAL_FOLDER
37,2024-01-21 11:01:26.769,ADMIN,EK_ORDER_DELIVERED,37,FINANCIAL_FOLDER
85,2024-02-18 15:21:58.495,CLIENT,EK_CLIENT_ORDER_CANCELED,85,EK_ADMIN_FOLDER_CANCELED
81,2024-02-16 23:15:25.148,CLIENT,EK_CLIENT_ORDER_CANCELED,81,EK_ADMIN_FOLDER_CANCELED
74,2024-02-12 17:28:07.180,ADMIN,EK_CLIENT_ORDER_CANCELED,74,EK_ADMIN_FOLDER_CANCELED
87,2024-02-19 22:22:29.709,CLIENT,EK_CLIENT_ORDER_CANCELED,87,EK_ADMIN_FOLDER_CANCELED
83,2024-02-18 11:23:20.319,ADMIN,EK_ORDER_DELIVERED,83,FINANCIAL_FOLDER
72,2024-02-12 09:10:09.173,ADMIN,EK_ORDER_DELIVERED,72,FINANCIAL_FOLDER
78,2024-02-15 09:36:11.725,CLIENT,EK_CLIENT_ORDER_CANCELED,78,EK_ADMIN_FOLDER_CANCELED
14,2023-10-21 17:13:20.332,ADMIN,EK_CLIENT_ORDER_CANCELED,14,EK_CLIENT_FOLDER_CANCELED
91,2024-02-20 22:41:25.167,CLIENT,EK_CLIENT_ORDER_CANCELED,91,EK_ADMIN_FOLDER_CANCELED
62,2024-02-09 21:18:21.332,ADMIN,EK_ORDER_DELIVERED,62,FINANCIAL_FOLDER
68,2024-02-10 15:13:20.874,CLIENT,EK_CLIENT_ORDER_CANCELED,68,EK_ADMIN_FOLDER_CANCELED
89,2024-02-20 12:43:42.690,ADMIN,EK_CLIENT_ORDER_CANCELED,89,EK_ADMIN_FOLDER_CANCELED
64,2024-02-09 22:41:29.871,ADMIN,EK_CLIENT_ORDER_CANCELED,64,EK_ADMIN_FOLDER_CANCELED
80,2024-02-15 12:12:26.816,CLIENT,EK_CLIENT_ORDER_CANCELED,80,EK_ADMIN_FOLDER_CANCELED
38,2024-01-21 16:23:57.128,CLIENT,EK_CLIENT_ORDER_CANCELED,38,EK_ADMIN_FOLDER_CANCELED
42,2024-01-23 15:04:57.116,CLIENT,EK_CLIENT_ORDER_CANCELED,42,EK_ADMIN_FOLDER_CANCELED
29,2024-01-16 10:15:29.878,CLIENT,EK_CLIENT_ORDER_CANCELED,29,EK_ADMIN_FOLDER_CANCELED
27,2024-01-15 12:54:30.985,ADMIN,EK_CLIENT_ORDER_CANCELED,27,EK_ADMIN_FOLDER_CANCELED
90,2024-02-20 17:46:11.072,CLIENT,EK_CLIENT_ORDER_CANCELED,90,EK_ADMIN_FOLDER_CANCELED
18,2024-01-22 15:31:27.904,ADMIN,EK_ORDER_DELIVERED,18,FINANCIAL_FOLDER
94,2024-02-21 21:59:14.230,CLIENT,EK_CLIENT_ORDER_CANCELED,94,EK_ADMIN_FOLDER_CANCELED
21,2023-12-18 20:59:50.813,ADMIN,EK_ORDER_DELIVERED,21,FINANCIAL_FOLDER
63,2024-02-09 22:07:24.412,ADMIN,EK_ORDER_DELIVERED,63,EK_GUARTENTEES_SIGNED_IN_PROGRESS
82,2024-02-17 08:28:08.655,CLIENT,EK_CLIENT_ORDER_CANCELED,82,EK_ADMIN_FOLDER_CANCELED
19,2023-11-29 09:54:57.166,ADMIN,EK_CLIENT_ORDER_CANCELED,19,EK_CLIENT_FOLDER_CANCELED
2,2023-10-08 19:11:52.926,ADMIN,EK_CLIENT_ORDER_CANCELED,2,EK_ADMIN_FOLDER_CANCELED
13,2023-10-21 16:10:36.901,ADMIN,EK_ORDER_DELIVERED,13,FINANCIAL_FOLDER
17,2023-10-22 18:43:43.725,ADMIN,EK_CLIENT_ORDER_CANCELED,17,EK_ADMIN_FOLDER_CANCELED
8,2023-10-11 20:49:02.019,ADMIN,EK_CLIENT_ORDER_CANCELED,8,EK_ADMIN_FOLDER_CANCELED
49,2024-01-27 00:44:42.165,CLIENT,EK_CLIENT_ORDER_CANCELED,49,EK_ADMIN_FOLDER_CANCELED
93,2024-02-21 15:03:42.435,ADMIN,EK_CLIENT_ORDER_CANCELED,93,EK_ADMIN_FOLDER_CANCELED
25,2024-01-10 11:32:56.776,ADMIN,EK_CLIENT_ORDER_CANCELED,25,EK_ADMIN_FOLDER_CANCELED
45,2024-01-24 01:00:10.419,CLIENT,EK_CLIENT_ORDER_CANCELED,45,EK_ADMIN_FOLDER_CANCELED
44,2024-01-24 00:42:05.571,CLIENT,EK_CLIENT_ORDER_CANCELED,44,EK_ADMIN_FOLDER_CANCELED
7,2023-10-10 15:05:23.419,ADMIN,EK_ORDER_DELIVERED,7,FINANCIAL_FOLDER
47,2024-01-25 13:58:44.490,CLIENT,EK_CLIENT_ORDER_CANCELED,47,EK_ADMIN_FOLDER_CANCELED
31,2024-01-16 14:51:05.674,ADMIN,EK_ORDER_DELIVERED,31,FINANCIAL_FOLDER
65,2024-02-10 13:50:18.978,CLIENT,EK_CLIENT_ORDER_CANCELED,65,EK_ADMIN_FOLDER_CANCELED
57,2024-02-05 13:00:45.794,CLIENT,EK_CLIENT_ORDER_CANCELED,57,EK_ADMIN_FOLDER_CANCELED
75,2024-02-13 15:20:14.454,CLIENT,EK_CLIENT_ORDER_CANCELED,75,EK_ADMIN_FOLDER_CANCELED
53,2024-01-31 14:33:34.834,CLIENT,EK_CLIENT_ORDER_CANCELED,53,EK_ADMIN_FOLDER_CANCELED
33,2024-01-16 15:50:46.123,CLIENT,EK_CLIENT_ORDER_CANCELED,33,EK_ADMIN_FOLDER_CANCELED
35,2024-01-17 09:54:49.817,CLIENT,EK_CLIENT_ORDER_CANCELED,35,EK_ADMIN_FOLDER_CANCELED
36,2024-01-17 10:18:22.563,CLIENT,EK_CLIENT_ORDER_CANCELED,36,EK_ADMIN_FOLDER_CANCELED
69,2024-02-11 15:06:43.250,ADMIN,EK_CLIENT_ORDER_CANCELED,69,EK_ADMIN_FOLDER_CANCELED
71,2024-02-11 15:30:24.852,ADMIN,EK_CLIENT_ORDER_CANCELED,71,EK_ADMIN_FOLDER_CANCELED
40,2024-01-23 10:50:23.083,CLIENT,EK_CLIENT_ORDER_CANCELED,40,EK_ADMIN_FOLDER_CANCELED
67,2024-02-10 15:02:20.205,CLIENT,EK_CLIENT_ORDER_CANCELED,67,EK_ADMIN_FOLDER_CANCELED
84,2024-02-18 14:18:29.378,ADMIN,EK_ORDER_DELIVERED,84,FINANCIAL_FOLDER
61,2024-02-07 23:09:05.238,CLIENT,EK_CLIENT_ORDER_CANCELED,61,EK_ADMIN_FOLDER_CANCELED
98,2024-02-22 14:16:53.608,ADMIN,EK_ORDER_DELIVERED,98,FINANCIAL_FOLDER
86,2024-02-19 11:24:23.641,ADMIN,EK_ORDER_DELIVERED,86,FINANCIAL_FOLDER
97,2024-02-22 09:55:36.649,ADMIN,EK_ORDER_DELIVERED,97,FINANCIAL_FOLDER
92,2024-02-21 11:39:25.195,CLIENT,EK_CLIENT_ORDER_CANCELED,92,EK_ADMIN_FOLDER_CANCELED
88,2024-02-20 08:09:46.450,CLIENT,EK_ORDER_PENDING,88,EK_FOLDER_REFUSED
51,2024-01-29 12:36:29.101,ADMIN,EK_CLIENT_ORDER_CANCELED,51,EK_ADMIN_FOLDER_CANCELED
96,2024-02-22 09:36:50.097,ADMIN,EK_ORDER_DELIVERED,96,FINANCIAL_FOLDER
99,2024-02-22 14:40:19.031,CLIENT,EK_CLIENT_ORDER_CANCELED,99,EK_ADMIN_FOLDER_CANCELED
73,2024-02-12 09:47:09.137,ADMIN,EK_ORDER_DELIVERED,73,FINANCIAL_FOLDER
55,2024-02-05 10:52:03.240,CLIENT,EK_CLIENT_ORDER_CANCELED,55,EK_ADMIN_FOLDER_CANCELED
121,2024-03-06 15:09:29.119,ADMIN,EK_ORDER_DELIVERED,121,FINANCIAL_FOLDER
114,2024-02-29 11:44:39.836,ADMIN,EK_ORDER_DELIVERED,114,EK_GUARTENTEES_SIGNED_IN_PROGRESS
135,2024-03-11 10:22:23.338,ADMIN,EK_ORDER_CREATED,135,EK_BANK_REFUSED
103,2024-02-24 09:24:50.390,ADMIN,EK_CLIENT_ORDER_CANCELED,103,EK_ADMIN_FOLDER_CANCELED
107,2024-02-26 00:13:35.846,ADMIN,EK_ORDER_DELIVERED,107,FINANCIAL_FOLDER
105,2024-02-25 17:55:08.647,CLIENT,EK_CLIENT_ORDER_CANCELED,105,EK_ADMIN_FOLDER_CANCELED
106,2024-02-25 22:07:43.004,CLIENT,EK_CLIENT_ORDER_CANCELED,106,EK_ADMIN_FOLDER_CANCELED
137,2024-03-12 11:58:19.383,CLIENT,EK_CLIENT_ORDER_CANCELED,137,EK_ADMIN_FOLDER_CANCELED
136,2024-03-11 13:58:24.540,ADMIN,EK_ORDER_DELIVERED,136,FINANCIAL_FOLDER
108,2024-02-26 00:28:27.750,ADMIN,EK_ORDER_DELIVERED,108,FINANCIAL_FOLDER
60,2024-02-07 00:38:45.441,ADMIN,EK_ORDER_DELIVERED,60,FINANCIAL_FOLDER
104,2024-02-24 12:55:03.679,ADMIN,EK_ORDER_DELIVERED,104,FINANCIAL_FOLDER
125,2024-03-07 12:07:13.315,ADMIN,EK_ORDER_DELIVERED,125,FINANCIAL_FOLDER
126,2024-03-07 12:08:48.377,ADMIN,EK_ORDER_IN_DELIVERY,126,EK_GUARTENTEES_PENDING_SIGNATURE
130,2024-03-09 01:16:04.059,ADMIN,EK_CLIENT_ORDER_CANCELED,130,EK_ADMIN_FOLDER_CANCELED
102,2024-02-23 22:39:26.048,ADMIN,EK_CLIENT_ORDER_CANCELED,102,EK_ADMIN_FOLDER_CANCELED
116,2024-03-03 23:18:48.469,ADMIN,EK_CLIENT_ORDER_CANCELED,116,EK_ADMIN_FOLDER_CANCELED
109,2024-02-26 16:46:58.139,ADMIN,EK_CLIENT_ORDER_CANCELED,109,EK_ADMIN_FOLDER_CANCELED
131,2024-03-09 10:45:33.402,ADMIN,EK_CLIENT_ORDER_CANCELED,131,EK_ADMIN_FOLDER_CANCELED
132,2024-03-09 14:31:45.394,ADMIN,EK_ORDER_DELIVERED,132,FINANCIAL_FOLDER
59,2024-02-06 23:36:26.765,ADMIN,EK_ORDER_DELIVERED,59,FINANCIAL_FOLDER
111,2024-02-28 11:44:50.133,ADMIN,EK_ORDER_DELIVERED,111,FINANCIAL_FOLDER
77,2024-02-14 11:29:41.209,ADMIN,EK_ORDER_DELIVERED,77,FINANCIAL_FOLDER
138,2024-03-13 00:25:44.290,ADMIN,EK_ORDER_DELIVERED,138,FINANCIAL_FOLDER
100,2024-02-23 22:16:14.869,ADMIN,EK_CLIENT_ORDER_CANCELED,100,EK_ADMIN_FOLDER_CANCELED
120,2024-03-06 14:42:15.207,ADMIN,EK_CLIENT_ORDER_CANCELED,120,EK_ADMIN_FOLDER_CANCELED
134,2024-03-10 11:18:23.570,ADMIN,EK_CLIENT_ORDER_CANCELED,134,EK_ADMIN_FOLDER_CANCELED
124,2024-03-07 11:07:09.466,ADMIN,EK_CLIENT_ORDER_CANCELED,124,EK_ADMIN_FOLDER_CANCELED
122,2024-03-06 16:31:42.869,ADMIN,EK_ORDER_DELIVERED,122,FINANCIAL_FOLDER
70,2024-02-11 15:27:08.364,ADMIN,EK_ORDER_DELIVERED,70,FINANCIAL_FOLDER
115,2024-02-29 12:34:17.475,ADMIN,EK_ORDER_DELIVERED,115,FINANCIAL_FOLDER
129,2024-03-08 22:04:19.930,CLIENT,EK_CLIENT_ORDER_CANCELED,129,EK_ADMIN_FOLDER_CANCELED
101,2024-02-23 22:28:08.080,ADMIN,EK_CLIENT_ORDER_CANCELED,101,EK_ADMIN_FOLDER_CANCELED
113,2024-02-29 11:35:48.717,ADMIN,EK_CLIENT_ORDER_CANCELED,113,EK_ADMIN_FOLDER_CANCELED
110,2024-02-28 10:20:47.035,ADMIN,EK_ORDER_DELIVERED,110,FINANCIAL_FOLDER
139,2024-03-13 06:55:30.341,ADMIN,EK_ORDER_DELIVERED,139,FINANCIAL_FOLDER
123,2024-03-07 10:19:58.764,CLIENT,EK_CLIENT_ORDER_CANCELED,123,EK_ADMIN_FOLDER_CANCELED
119,2024-03-06 14:06:42.400,ADMIN,EK_ORDER_DELIVERED,119,EK_BANK_PHYSICAL_FOLDER_IN_PROGRESS
117,2024-03-05 16:54:19.546,ADMIN,EK_CLIENT_ORDER_CANCELED,117,EK_ADMIN_FOLDER_CANCELED
133,2024-03-09 14:57:43.094,ADMIN,EK_ORDER_DELIVERED,133,FINANCIAL_FOLDER
95,2024-02-22 08:37:50.319,ADMIN,EK_ORDER_DELIVERED,95,FINANCIAL_FOLDER
127,2024-03-07 15:13:03.572,CLIENT,EK_CLIENT_ORDER_CANCELED,127,EK_ADMIN_FOLDER_CANCELED
128,2024-03-07 16:26:20.583,ADMIN,EK_CLIENT_ORDER_CANCELED,128,EK_ADMIN_FOLDER_CANCELED
164,2024-03-21 11:32:13.405,ADMIN,EK_CLIENT_ORDER_CANCELED,164,EK_ADMIN_FOLDER_CANCELED
173,2024-03-25 12:43:44.125,CLIENT,EK_CLIENT_ORDER_CANCELED,173,EK_ADMIN_FOLDER_CANCELED
151,2024-03-17 10:35:10.996,ADMIN,EK_ORDER_DELIVERED,151,FINANCIAL_FOLDER
141,2024-03-13 12:03:43.321,ADMIN,EK_ORDER_PENDING,141,EK_FOLDER_REFUSED
154,2024-03-17 14:06:08.162,ADMIN,EK_ORDER_DELIVERED,154,EK_BANK_PHYSICAL_FOLDER_IN_PROGRESS
145,2024-03-14 11:46:38.171,ADMIN,EK_CLIENT_ORDER_CANCELED,145,EK_ADMIN_FOLDER_CANCELED
176,2024-03-26 13:39:25.921,ADMIN,EK_ORDER_DELIVERED,176,FINANCIAL_FOLDER
143,2024-03-13 13:30:47.498,ADMIN,EK_ORDER_PENDING,143,EK_FOLDER_REFUSED
167,2024-03-23 14:56:49.485,ADMIN,EK_CLIENT_ORDER_CANCELED,167,EK_ADMIN_FOLDER_CANCELED
142,2024-03-13 12:13:43.920,ADMIN,EK_CLIENT_ORDER_CANCELED,142,EK_ADMIN_FOLDER_CANCELED
171,2024-03-25 10:05:42.359,ADMIN,EK_CLIENT_ORDER_CANCELED,171,EK_BANK_REFUSED
170,2024-03-24 13:20:30.729,ADMIN,EK_CLIENT_ORDER_CANCELED,170,EK_ADMIN_FOLDER_CANCELED
172,2024-03-25 12:08:25.247,ADMIN,EK_CLIENT_ORDER_CANCELED,172,EK_ADMIN_FOLDER_CANCELED
152,2024-03-17 10:42:46.566,ADMIN,EK_CLIENT_ORDER_CANCELED,152,EK_ADMIN_FOLDER_CANCELED
148,2024-03-16 12:43:58.289,ADMIN,EK_ORDER_PENDING,148,EK_FOLDER_REFUSED
181,2024-03-27 14:08:00.220,ADMIN,EK_CLIENT_ORDER_CANCELED,181,EK_ADMIN_FOLDER_CANCELED
161,2024-03-20 11:07:55.124,ADMIN,EK_ORDER_DELIVERED,161,FINANCIAL_FOLDER
174,2024-03-25 15:40:46.329,CLIENT,EK_CLIENT_ORDER_CANCELED,174,EK_ADMIN_FOLDER_CANCELED
149,2024-03-16 15:26:40.885,ADMIN,EK_CLIENT_ORDER_CANCELED,149,EK_ADMIN_FOLDER_CANCELED
155,2024-03-17 14:33:08.712,ADMIN,EK_CLIENT_ORDER_CANCELED,155,EK_ADMIN_FOLDER_CANCELED
166,2024-03-23 10:55:32.098,ADMIN,EK_ORDER_DELIVERED,166,FINANCIAL_FOLDER
156,2024-03-17 14:40:12.122,ADMIN,EK_CLIENT_ORDER_CANCELED,156,EK_ADMIN_FOLDER_CANCELED
168,2024-03-24 09:58:31.818,CLIENT,EK_CLIENT_ORDER_CANCELED,168,EK_ADMIN_FOLDER_CANCELED
158,2024-03-19 12:47:03.641,ADMIN,EK_CLIENT_ORDER_CANCELED,158,EK_ADMIN_FOLDER_CANCELED
118,2024-03-06 09:54:37.939,ADMIN,EK_ORDER_DELIVERED,118,FINANCIAL_FOLDER
159,2024-03-19 12:49:10.320,ADMIN,EK_ORDER_DELIVERED,159,FINANCIAL_FOLDER
175,2024-03-26 11:08:58.110,ADMIN,EK_ORDER_DELIVERED,175,EK_BANK_PHYSICAL_FOLDER_IN_PROGRESS
180,2024-03-27 14:05:44.669,ADMIN,EK_ORDER_DELIVERED,180,FINANCIAL_FOLDER
146,2024-03-14 15:03:20.109,ADMIN,EK_CLIENT_ORDER_CANCELED,146,EK_ADMIN_FOLDER_CANCELED
178,2024-03-26 15:00:19.511,ADMIN,EK_ORDER_DELIVERED,178,EK_BANK_PHYSICAL_FOLDER_IN_PROGRESS
144,2024-03-13 13:58:18.310,ADMIN,EK_ORDER_DELIVERED,144,FINANCIAL_FOLDER
162,2024-03-20 12:07:54.582,ADMIN,EK_ORDER_DELIVERED,162,FINANCIAL_FOLDER
165,2024-03-21 12:16:57.132,ADMIN,EK_ORDER_DELIVERED,165,FINANCIAL_FOLDER
169,2024-03-24 10:51:11.550,ADMIN,EK_ORDER_DELIVERED,169,FINANCIAL_FOLDER
177,2024-03-26 14:05:20.874,ADMIN,EK_ORDER_DELIVERED,177,FINANCIAL_FOLDER
163,2024-03-20 14:34:00.468,ADMIN,EK_CLIENT_ORDER_CANCELED,163,EK_ADMIN_FOLDER_CANCELED
160,2024-03-19 14:00:39.823,ADMIN,EK_CLIENT_ORDER_CANCELED,160,EK_ADMIN_FOLDER_CANCELED
140,2024-03-13 07:20:57.368,ADMIN,EK_ORDER_DELIVERED,140,FINANCIAL_FOLDER
112,2024-02-28 12:18:27.458,ADMIN,EK_ORDER_DELIVERED,112,FINANCIAL_FOLDER
157,2024-03-19 11:02:48.086,ADMIN,EK_ORDER_DELIVERED,157,FINANCIAL_FOLDER
153,2024-03-17 13:13:04.256,ADMIN,EK_ORDER_DELIVERED,153,FINANCIAL_FOLDER
179,2024-03-27 13:22:50.074,ADMIN,EK_CLIENT_ORDER_CANCELED,179,EK_ADMIN_FOLDER_CANCELED
198,2024-04-03 18:41:14.165,CLIENT,EK_ORDER_DELIVERED,198,EK_PHYSICAL_FOLDER_IN_PROGRESS
220,2024-04-20 11:08:00.362,ADMIN,EK_ORDER_DELIVERED,220,EK_PHYSICAL_FOLDER_IN_PROGRESS
185,2024-03-31 13:18:30.092,ADMIN,EK_ORDER_DELIVERED,185,FINANCIAL_FOLDER
183,2024-03-29 12:26:50.273,CLIENT,EK_CLIENT_ORDER_CANCELED,183,EK_ADMIN_FOLDER_CANCELED
150,2024-03-16 15:55:33.535,ADMIN,EK_ORDER_DELIVERED,150,FINANCIAL_FOLDER
186,2024-03-31 13:19:19.185,ADMIN,EK_CLIENT_ORDER_CANCELED,186,EK_ADMIN_FOLDER_CANCELED
191,2024-04-02 16:57:28.889,CLIENT,EK_CLIENT_ORDER_CANCELED,191,EK_ADMIN_FOLDER_CANCELED
193,2024-04-02 22:06:20.662,CLIENT,EK_CLIENT_ORDER_CANCELED,193,EK_ADMIN_FOLDER_CANCELED
190,2024-04-02 15:33:56.059,ADMIN,EK_CLIENT_ORDER_CANCELED,190,EK_ADMIN_FOLDER_CANCELED
201,2024-04-06 15:55:43.361,ADMIN,EK_ORDER_IN_PREPARATION,201,EK_GUARTENTEES_PENDING_SIGNATURE
182,2024-03-28 12:39:48.271,CLIENT,EK_CLIENT_ORDER_CANCELED,182,EK_ADMIN_FOLDER_CANCELED
213,2024-04-16 16:38:41.875,ADMIN,EK_ORDER_DELIVERED,213,EK_PHYSICAL_FOLDER_IN_PROGRESS
216,2024-04-17 16:30:38.182,ADMIN,EK_CLIENT_ORDER_CANCELED,216,EK_ADMIN_FOLDER_CANCELED
192,2024-04-02 17:19:01.777,CLIENT,EK_CLIENT_ORDER_CANCELED,192,EK_ADMIN_FOLDER_CANCELED
205,2024-04-14 11:03:23.205,CLIENT,EK_CLIENT_ORDER_CANCELED,205,EK_ADMIN_FOLDER_CANCELED
204,2024-04-14 10:45:02.014,CLIENT,EK_CLIENT_ORDER_CANCELED,204,EK_ADMIN_FOLDER_CANCELED
221,2024-04-20 15:12:17.918,ADMIN,EK_CLIENT_ORDER_CANCELED,221,EK_BANK_REFUSED
194,2024-04-02 23:37:05.301,CLIENT,EK_CLIENT_ORDER_CANCELED,194,EK_ADMIN_FOLDER_CANCELED
203,2024-04-13 01:36:09.657,CLIENT,EK_CLIENT_ORDER_CANCELED,203,EK_ADMIN_FOLDER_CANCELED
219,2024-04-18 10:45:04.973,ADMIN,EK_ORDER_DELIVERED,219,EK_BANK_PHYSICAL_FOLDER_IN_PROGRESS
196,2024-04-03 16:06:19.967,CLIENT,EK_CLIENT_ORDER_CANCELED,196,EK_ADMIN_FOLDER_CANCELED
187,2024-04-02 11:16:28.390,ADMIN,EK_ORDER_DELIVERED,187,FINANCIAL_FOLDER
197,2024-04-03 16:16:03.039,CLIENT,EK_CLIENT_ORDER_CANCELED,197,EK_ADMIN_FOLDER_CANCELED
222,2024-04-20 18:55:03.482,ADMIN,EK_ORDER_CREATED,222,EK_BANK_RESERVE
202,2024-04-08 11:15:39.437,ADMIN,EK_ORDER_PENDING,202,EK_FOLDER_REFUSED
199,2024-04-06 11:34:58.673,ADMIN,EK_CLIENT_ORDER_CANCELED,199,EK_ADMIN_FOLDER_CANCELED
223,2024-04-21 16:22:41.426,ADMIN,EK_CLIENT_ORDER_CANCELED,223,EK_ADMIN_FOLDER_CANCELED
215,2024-04-17 16:07:44.742,ADMIN,EK_CLIENT_ORDER_CANCELED,215,EK_BANK_REFUSED
225,2024-04-21 19:04:39.962,ADMIN,EK_ORDER_DELIVERED,225,EK_PHYSICAL_FOLDER_IN_PROGRESS
207,2024-04-15 13:20:57.404,ADMIN,EK_ORDER_IN_PREPARATION,207,EK_GUARTENTEES_PENDING_SIGNATURE
184,2024-03-30 12:37:37.961,ADMIN,EK_CLIENT_ORDER_CANCELED,184,EK_ADMIN_FOLDER_CANCELED
217,2024-04-17 16:39:47.857,ADMIN,EK_ORDER_DELIVERED,217,EK_GUARTENTEES_SIGNED_IN_PROGRESS
212,2024-04-16 15:40:09.115,CLIENT,EK_CLIENT_ORDER_CANCELED,212,EK_ADMIN_FOLDER_CANCELED
206,2024-04-14 13:07:18.582,ADMIN,EK_CLIENT_ORDER_CANCELED,206,EK_ADMIN_FOLDER_CANCELED
211,2024-04-16 11:51:53.637,CLIENT,EK_CLIENT_ORDER_CANCELED,211,EK_ADMIN_FOLDER_CANCELED
227,2024-04-23 11:44:23.629,ADMIN,EK_ORDER_DELIVERED,227,EK_BANK_PHYSICAL_FOLDER_IN_DELIVERY
214,2024-04-16 17:29:04.751,ADMIN,EK_CLIENT_ORDER_CANCELED,214,EK_BANK_REFUSED
200,2024-04-06 14:18:25.480,ADMIN,EK_ORDER_DELIVERED,200,EK_BANK_PHYSICAL_FOLDER_IN_DELIVERY
209,2024-04-15 17:11:19.194,ADMIN,EK_CLIENT_ORDER_CANCELED,209,EK_BANK_REFUSED
208,2024-04-15 14:01:19.878,ADMIN,EK_ORDER_CREATED,208,EK_BANK_REFUSED
218,2024-04-18 10:29:50.071,ADMIN,EK_ORDER_DELIVERED,218,EK_BANK_PHYSICAL_FOLDER_IN_PROGRESS
224,2024-04-21 17:21:45.064,ADMIN,EK_CLIENT_ORDER_CANCELED,224,EK_ADMIN_FOLDER_CANCELED
248,2024-05-04 13:15:37.306,ADMIN,EK_ORDER_DELIVERED,248,EK_GUARTENTEES_SIGNED_IN_PROGRESS
253,2024-05-06 15:47:49.045,ADMIN,EK_ORDER_PENDING,253,CLIENT_CENTRAL_RISK_NOTIFICATION
254,2024-05-06 16:16:02.371,ADMIN,EK_ORDER_PENDING,254,CLIENT_CENTRAL_RISK_NOTIFICATION
232,2024-04-24 15:42:14.596,ADMIN,EK_CLIENT_ORDER_CANCELED,232,EK_ADMIN_FOLDER_CANCELED
230,2024-04-24 10:58:40.049,ADMIN,EK_ORDER_DELIVERED,230,EK_PHYSICAL_FOLDER_IN_PROGRESS
251,2024-05-05 11:45:28.940,ADMIN,EK_CLIENT_ORDER_CANCELED,251,EK_ADMIN_FOLDER_CANCELED
234,2024-04-24 16:45:05.715,ADMIN,EK_ORDER_CREATED,234,BANK_NOTIFICATION
264,2024-05-11 14:11:18.278,ADMIN,EK_ORDER_PENDING,264,CLIENT_CENTRAL_RISK_NOTIFICATION
188,2024-04-02 13:20:43.945,ADMIN,EK_CLIENT_ORDER_CANCELED,188,EK_BANK_REFUSED
246,2024-05-03 20:36:43.305,CLIENT,EK_CLIENT_ORDER_CANCELED,246,EK_ADMIN_FOLDER_CANCELED
236,2024-04-25 12:53:19.464,CLIENT,EK_CLIENT_ORDER_CANCELED,236,EK_ADMIN_FOLDER_CANCELED
259,2024-05-08 12:41:25.788,ADMIN,EK_CLIENT_ORDER_CANCELED,259,EK_ADMIN_FOLDER_CANCELED
231,2024-04-24 15:10:09.103,ADMIN,EK_ORDER_DELIVERED,231,EK_BANK_PHYSICAL_FOLDER_IN_DELIVERY
229,2024-04-23 12:48:55.817,ADMIN,EK_ORDER_DELIVERED,229,EK_PHYSICAL_FOLDER_IN_PROGRESS
247,2024-05-04 12:34:18.122,ADMIN,EK_ORDER_PENDING,247,CLIENT_CENTRAL_RISK_NOTIFICATION
260,2024-05-09 11:17:43.461,ADMIN,EK_ORDER_PENDING,260,EK_BANK_REFUSED
244,2024-05-02 12:30:36.109,ADMIN,EK_ORDER_CREATED,244,EK_GUARTENTEES_SIGNED_IN_PROGRESS
189,2024-04-02 15:20:17.786,CLIENT,EK_ORDER_DELIVERED,189,EK_PHYSICAL_FOLDER_IN_PROGRESS
261,2024-05-09 14:04:06.145,ADMIN,EK_ORDER_PENDING,261,CLIENT_CENTRAL_RISK_NOTIFICATION
257,2024-05-07 13:33:02.062,ADMIN,EK_CLIENT_ORDER_CANCELED,257,EK_ADMIN_FOLDER_CANCELED
235,2024-04-25 10:48:21.558,ADMIN,EK_ORDER_DELIVERED,235,EK_PHYSICAL_FOLDER_IN_PROGRESS
242,2024-04-29 17:38:31.109,ADMIN,EK_ORDER_PENDING,242,CLIENT_CENTRAL_RISK_NOTIFICATION
241,2024-04-28 14:53:18.152,ADMIN,EK_ORDER_CREATED,241,BANK_NOTIFICATION
262,2024-05-09 23:21:52.677,CLIENT,EK_CLIENT_ORDER_CANCELED,262,EK_ADMIN_FOLDER_CANCELED
238,2024-04-25 18:37:55.557,ADMIN,EK_CLIENT_ORDER_CANCELED,238,EK_BANK_REFUSED
233,2024-04-24 15:58:08.080,ADMIN,EK_ORDER_DELIVERED,233,EK_PHYSICAL_FOLDER_IN_PROGRESS
240,2024-04-28 10:34:24.106,ADMIN,EK_CLIENT_ORDER_CANCELED,240,EK_ADMIN_FOLDER_CANCELED
228,2024-04-23 12:43:40.199,CLIENT,EK_CLIENT_ORDER_CANCELED,228,EK_ADMIN_FOLDER_CANCELED
237,2024-04-25 16:43:28.916,CLIENT,EK_CLIENT_ORDER_CANCELED,237,EK_ADMIN_FOLDER_CANCELED
226,2024-04-22 13:05:53.949,ADMIN,EK_ORDER_DELIVERED,226,EK_BANK_PHYSICAL_FOLDER_IN_PROGRESS
252,2024-05-05 23:17:21.933,CLIENT,EK_ORDER_CREATED,252,EK_BANK_IN_PROGRESS
249,2024-05-04 17:38:43.583,ADMIN,EK_ORDER_DELIVERED,249,EK_PHYSICAL_FOLDER_IN_PROGRESS
263,2024-05-09 23:53:42.412,CLIENT,EK_CLIENT_ORDER_CANCELED,263,EK_ADMIN_FOLDER_CANCELED
239,2024-04-27 17:54:05.543,ADMIN,EK_ORDER_CREATED,239,BANK_NOTIFICATION
258,2024-05-08 12:40:13.297,ADMIN,EK_CLIENT_ORDER_CANCELED,258,EK_BANK_REFUSED
245,2024-05-02 16:42:44.640,ADMIN,EK_ORDER_PENDING,245,CLIENT_CENTRAL_RISK_NOTIFICATION
265,2024-05-11 15:42:54.144,ADMIN,EK_ORDER_PENDING,265,EK_FOLDER_IN_PROGRESS
210,2024-04-15 18:08:41.453,ADMIN,EK_ORDER_DELIVERED,210,EK_PHYSICAL_FOLDER_IN_PROGRESS
256,2024-05-07 13:28:41.501,ADMIN,EK_CLIENT_ORDER_CANCELED,256,EK_ADMIN_FOLDER_CANCELED
243,2024-04-30 12:27:43.225,ADMIN,EK_ORDER_DELIVERED,243,EK_PHYSICAL_FOLDER_IN_PROGRESS
255,2024-05-06 16:22:24.589,ADMIN,EK_ORDER_PENDING,255,EK_FOLDER_IN_PROGRESS
147,2024-03-16 10:17:30.023,ADMIN,EK_ORDER_DELIVERED,147,EK_BANK_PHYSICAL_FOLDER_IN_PROGRESS
286,2024-05-21 19:25:52.975,ADMIN,EK_ORDER_PENDING,286,EK_FOLDER_CREATED
266,2024-05-11 17:40:44.961,ADMIN,EK_ORDER_PENDING,266,EK_FOLDER_CREATED
285,2024-05-21 17:46:42.216,CLIENT,EK_CLIENT_ORDER_CANCELED,285,EK_ADMIN_FOLDER_CANCELED
271,2024-05-12 15:11:15.668,CLIENT,EK_CLIENT_ORDER_CANCELED,271,EK_ADMIN_FOLDER_CANCELED
267,2024-05-12 10:53:46.007,ADMIN,EK_CLIENT_ORDER_CANCELED,267,EK_ADMIN_FOLDER_CANCELED
195,2024-04-03 15:01:39.216,ADMIN,EK_ORDER_DELIVERED,195,FINANCIAL_FOLDER
287,2024-05-22 12:33:35.911,ADMIN,EK_CLIENT_ORDER_CANCELED,287,EK_FOLDER_REFUSED
278,2024-05-16 10:36:17.269,ADMIN,EK_ORDER_CREATED,278,EK_BANK_IN_PROGRESS
277,2024-05-15 12:14:07.374,ADMIN,EK_ORDER_CREATED,277,EK_BANK_IN_PROGRESS
250,2024-05-05 11:45:17.490,ADMIN,EK_ORDER_PENDING,250,CLIENT_CENTRAL_RISK_NOTIFICATION
284,2024-05-21 16:38:23.114,ADMIN,EK_ORDER_PENDING,284,EK_FOLDER_IN_PROGRESS
280,2024-05-19 14:26:04.459,ADMIN,EK_ORDER_DELIVERED,280,EK_BANK_PHYSICAL_FOLDER_IN_DELIVERY
268,2024-05-12 11:28:29.956,ADMIN,EK_ORDER_PENDING,268,CLIENT_CENTRAL_RISK_NOTIFICATION
270,2024-05-12 14:24:58.878,ADMIN,EK_ORDER_PENDING,270,CLIENT_CENTRAL_RISK_NOTIFICATION
282,2024-05-19 20:03:33.662,ADMIN,EK_ORDER_PENDING,282,EK_FOLDER_CREATED
279,2024-05-16 14:50:50.752,ADMIN,EK_ORDER_DELIVERED,279,EK_BANK_PHYSICAL_FOLDER_IN_DELIVERY
275,2024-05-14 10:04:48.539,CLIENT,EK_ORDER_PENDING,275,EK_FOLDER_IN_PROGRESS
283,2024-05-20 17:40:05.617,ADMIN,EK_ORDER_PENDING,283,EK_FOLDER_CREATED
269,2024-05-12 11:52:55.044,CLIENT,EK_CLIENT_ORDER_CANCELED,269,EK_ADMIN_FOLDER_CANCELED
289,2024-05-23 11:59:38.808,ADMIN,EK_ORDER_PENDING,289,EK_FOLDER_IN_PROGRESS
272,2024-05-12 18:14:04.664,ADMIN,EK_ORDER_PENDING,272,EK_FOLDER_IN_PROGRESS
281,2024-05-19 17:43:15.518,ADMIN,EK_ORDER_PENDING,281,EK_FOLDER_IN_PROGRESS
290,2024-05-26 10:57:00.635,CLIENT,EK_ORDER_PENDING,290,EK_FOLDER_IN_PROGRESS
276,2024-05-14 13:16:04.805,ADMIN,EK_ORDER_CREATED,276,EK_BANK_IN_PROGRESS
288,2024-05-22 15:38:19.607,ADMIN,EK_ORDER_PENDING,288,CENTRAL_RISK_CONSULTATION
274,2024-05-13 13:58:15.281,CLIENT,EK_ORDER_CREATED,274,EK_BANK_IN_PROGRESS
273,2024-05-13 12:18:45.370,ADMIN,EK_ORDER_CREATED,273,EK_BANK_IN_PROGRESS
