id,created_at,updated_at,file_shipping_type,folder_state,order_split_id,folder_previous_state,must_verifier_byocr,feed_back,ws_user_id,request_number
12,2023-10-21 13:57:56.743,2023-11-12 10:03:26.079,POINT_OF_SALE,EK_BANK_REFUSED,12,CENTRAL_RISK_CONSULTATION,False,NON_FINANCEABLE_CLIENT,41,EK-202310210012
16,2023-10-22 17:02:23.598,2024-02-04 20:05:58.687,POINT_OF_SALE,FINANCIAL_FOLDER,16,BANK_PAYMENT_CONFIRMATION,False,FINANCEABLE_CLIENT,41,EK-202310220016
6,2023-10-09 03:37:14.051,2023-11-12 10:11:29.169,POINT_OF_SALE,EK_BANK_REFUSED,6,CENTRAL_RISK_CONSULTATION,False,REJECTION,42,EK-20231009006
9,2023-10-12 14:28:47.473,2023-10-12 16:39:47.642,POINT_OF_SALE,EK_ADMIN_FOLDER_CANCELED,9,EK_FOLDER_CREATED,False,NONE,42,EK-20231012009
1,2023-10-08 15:30:40.913,2023-11-12 10:28:02.525,POINT_OF_SALE,EK_BANK_REFUSED,1,CENTRAL_RISK_CONSULTATION,False,NON_FINANCEABLE_CLIENT,49,EK-20231008001
3,2023-10-08 22:22:13.882,2024-02-04 20:08:35.975,POINT_OF_SALE,FINANCIAL_FOLDER,3,BANK_PAYMENT_CONFIRMATION,False,FINANCEABLE_CLIENT,41,EK-20231008003
76,2024-02-13 18:20:19.215,2024-02-21 16:52:08.307,,EK_FOLDER_REFUSED,76,EK_FOLDER_IN_PROGRESS,False,NONE,41,EK-202402130054
58,2024-02-06 12:01:51.683,2024-03-17 12:23:03.481,,FINANCIAL_FOLDER,58,BANK_PAYMENT_CONFIRMATION,False,FINANCEABLE_CLIENT,42,EK-202402060036
15,2023-10-22 10:37:11.845,2024-02-04 20:06:15.962,POINT_OF_SALE,FINANCIAL_FOLDER,15,BANK_PAYMENT_CONFIRMATION,False,FINANCEABLE_CLIENT,41,EK-202310220015
54,2024-02-01 13:09:02.511,2024-02-01 13:09:02.549,,EK_ADMIN_FOLDER_CANCELED,54,EK_FOLDER_IN_PROGRESS,,NONE,42,EK-202402010032
56,2024-02-05 11:26:03.253,2024-02-05 11:26:03.277,,EK_ADMIN_FOLDER_CANCELED,56,EK_FOLDER_IN_PROGRESS,,NONE,41,EK-202402050034
43,2024-01-24 00:34:55.853,2024-01-24 00:34:55.923,,EK_ADMIN_FOLDER_CANCELED,43,EK_FOLDER_IN_PROGRESS,,NONE,41,EK-202401240021
20,2023-12-17 12:01:41.822,2024-02-20 19:03:05.088,POINT_OF_SALE,FINANCIAL_FOLDER,20,BANK_PAYMENT_CONFIRMATION,False,FINANCEABLE_CLIENT,41,EK-202312170020
46,2024-01-24 01:20:04.925,2024-01-24 01:57:42.876,,EK_ADMIN_FOLDER_CANCELED,46,EK_FOLDER_IN_PROGRESS,False,NONE,41,EK-202401240024
52,2024-01-29 19:44:41.688,2024-01-29 19:44:41.713,,EK_ADMIN_FOLDER_CANCELED,52,EK_FOLDER_IN_PROGRESS,,NONE,41,EK-202401290030
28,2024-01-15 12:59:40.176,2024-01-15 12:59:40.310,,EK_ADMIN_FOLDER_CANCELED,28,EK_FOLDER_IN_PROGRESS,,NONE,41,EK-20240115006
24,2024-01-10 10:55:50.106,2024-01-16 09:25:11.245,POINT_OF_SALE,EK_BANK_REFUSED,24,CENTRAL_RISK_CONSULTATION,False,NON_FINANCEABLE_CLIENT,43,EK-20240110002
32,2024-01-16 15:05:54.101,2024-01-16 15:05:54.181,,EK_ADMIN_FOLDER_CANCELED,32,EK_FOLDER_IN_PROGRESS,,NONE,41,EK-202401160010
66,2024-02-10 14:47:55.762,2024-02-10 14:47:55.789,,EK_ADMIN_FOLDER_CANCELED,66,EK_FOLDER_IN_PROGRESS,,NONE,49,EK-202402100044
50,2024-01-28 14:54:02.216,2024-01-29 19:43:05.520,,EK_ADMIN_FOLDER_CANCELED,50,EK_FOLDER_IN_PROGRESS,False,NONE,43,EK-202401280028
10,2023-10-14 14:30:43.533,2024-02-04 20:07:07.766,POINT_OF_SALE,FINANCIAL_FOLDER,10,BANK_PAYMENT_CONFIRMATION,False,FINANCEABLE_CLIENT,41,EK-202310140010
26,2024-01-15 12:35:29.429,2024-02-14 21:01:41.154,POINT_OF_SALE,FINANCIAL_FOLDER,26,BANK_PAYMENT_CONFIRMATION,False,FINANCEABLE_CLIENT,41,EK-20240115004
34,2024-01-16 16:13:01.181,2024-01-16 16:36:17.455,,EK_ADMIN_FOLDER_CANCELED,34,EK_FOLDER_IN_PROGRESS,False,NONE,41,EK-202401160012
4,2023-10-09 01:46:21.334,2024-02-05 15:26:56.062,POINT_OF_SALE,FINANCIAL_FOLDER,4,BANK_PAYMENT_CONFIRMATION,False,FINANCEABLE_CLIENT,41,EK-20231009004
22,2024-01-03 11:01:29.941,2024-01-30 14:06:44.496,POINT_OF_SALE,EK_BANK_REFUSED,22,CENTRAL_RISK_CONSULTATION,False,NON_FINANCEABLE_CLIENT,41,EK-20240103001
5,2023-10-09 02:39:58.843,2024-02-04 20:07:57.502,POINT_OF_SALE,FINANCIAL_FOLDER,5,BANK_PAYMENT_CONFIRMATION,False,FINANCEABLE_CLIENT,41,EK-20231009005
39,2024-01-22 12:05:57.884,2024-01-22 12:05:57.911,,EK_ADMIN_FOLDER_CANCELED,39,EK_FOLDER_IN_PROGRESS,,NONE,41,EK-202401220017
41,2024-01-23 14:59:05.612,2024-01-23 14:59:05.675,,EK_ADMIN_FOLDER_CANCELED,41,EK_FOLDER_IN_PROGRESS,,NONE,41,EK-202401230019
30,2024-01-16 11:33:05.508,2024-01-16 11:33:05.527,,EK_ADMIN_FOLDER_CANCELED,30,EK_FOLDER_IN_PROGRESS,,NONE,41,EK-20240116008
48,2024-01-26 18:56:24.259,2024-01-26 18:56:24.279,,EK_ADMIN_FOLDER_CANCELED,48,EK_FOLDER_IN_PROGRESS,,NONE,41,EK-202401260026
79,2024-02-15 09:55:22.575,2024-02-15 09:55:22.598,,EK_ADMIN_FOLDER_CANCELED,79,EK_FOLDER_IN_PROGRESS,,NONE,43,EK-202402150057
11,2023-10-14 15:55:19.735,2024-02-05 15:25:48.355,POINT_OF_SALE,FINANCIAL_FOLDER,11,BANK_PAYMENT_CONFIRMATION,False,FINANCEABLE_CLIENT,41,EK-202310140011
37,2024-01-21 11:01:26.781,2024-02-12 18:03:54.785,POINT_OF_SALE,FINANCIAL_FOLDER,37,BANK_PAYMENT_CONFIRMATION,False,FINANCEABLE_CLIENT,41,EK-202401210015
85,2024-02-18 15:21:58.495,2024-02-18 15:23:33.442,,EK_ADMIN_FOLDER_CANCELED,85,EK_FOLDER_IN_PROGRESS,False,NONE,43,EK-202402180063
81,2024-02-16 23:15:25.148,2024-02-16 23:21:43.718,,EK_ADMIN_FOLDER_CANCELED,81,EK_FOLDER_IN_PROGRESS,False,NONE,43,EK-202402160059
74,2024-02-12 17:28:07.195,2024-02-13 13:00:19.756,POINT_OF_SALE,EK_ADMIN_FOLDER_CANCELED,74,EK_FOLDER_CREATED,False,NONE,41,EK-202402120052
87,2024-02-19 22:22:29.709,2024-02-19 22:22:29.742,,EK_ADMIN_FOLDER_CANCELED,87,EK_FOLDER_IN_PROGRESS,,NONE,42,EK-202402190065
83,2024-02-18 11:23:20.334,2024-03-19 22:33:51.738,POINT_OF_SALE,FINANCIAL_FOLDER,83,BANK_PAYMENT_CONFIRMATION,False,FINANCEABLE_CLIENT,41,EK-202402180061
72,2024-02-12 09:10:09.181,2024-03-19 22:30:50.840,POINT_OF_SALE,FINANCIAL_FOLDER,72,BANK_PAYMENT_CONFIRMATION,False,FINANCEABLE_CLIENT,43,EK-202402120050
78,2024-02-15 09:36:11.725,2024-02-15 09:36:11.791,,EK_ADMIN_FOLDER_CANCELED,78,EK_FOLDER_IN_PROGRESS,,NONE,43,EK-202402150056
14,2023-10-21 17:13:20.345,2023-11-29 11:16:24.489,POINT_OF_SALE,EK_CLIENT_FOLDER_CANCELED,14,EK_CLIENT_FOLDER_CANCELED,False,FINANCEABLE_CLIENT,42,EK-202310210014
91,2024-02-20 22:41:25.167,2024-02-21 09:32:34.319,,EK_ADMIN_FOLDER_CANCELED,91,EK_FOLDER_IN_PROGRESS,False,NONE,43,EK-202402200069
62,2024-02-09 21:18:21.350,2024-03-19 22:31:34.776,POINT_OF_SALE,FINANCIAL_FOLDER,62,BANK_PAYMENT_CONFIRMATION,False,FINANCEABLE_CLIENT,43,EK-202402090040
68,2024-02-10 15:13:20.874,2024-02-10 15:14:06.480,,EK_ADMIN_FOLDER_CANCELED,68,EK_FOLDER_IN_PROGRESS,False,NONE,49,EK-202402100046
89,2024-02-20 12:43:42.700,2024-02-20 14:26:59.574,POINT_OF_SALE,EK_ADMIN_FOLDER_CANCELED,89,EK_FOLDER_CREATED,False,NONE,41,EK-202402200067
64,2024-02-09 22:41:29.881,2024-03-24 09:05:58.965,POINT_OF_SALE,EK_ADMIN_FOLDER_CANCELED,64,EK_BANK_RESERVE,False,FINANCEABLE_CLIENT,43,EK-202402090042
80,2024-02-15 12:12:26.816,2024-02-15 12:20:48.668,,EK_ADMIN_FOLDER_CANCELED,80,EK_FOLDER_IN_PROGRESS,True,NONE,43,EK-202402150058
38,2024-01-21 16:23:57.128,2024-01-21 16:23:57.246,,EK_ADMIN_FOLDER_CANCELED,38,EK_FOLDER_IN_PROGRESS,,NONE,41,EK-202401210016
42,2024-01-23 15:04:57.116,2024-01-23 15:04:57.135,,EK_ADMIN_FOLDER_CANCELED,42,EK_FOLDER_IN_PROGRESS,,NONE,41,EK-202401230020
29,2024-01-16 10:15:29.877,2024-01-16 10:15:29.902,,EK_ADMIN_FOLDER_CANCELED,29,EK_FOLDER_IN_PROGRESS,,NONE,41,EK-20240116007
27,2024-01-15 12:54:30.997,2024-01-15 12:56:42.245,POINT_OF_SALE,EK_ADMIN_FOLDER_CANCELED,27,EK_FOLDER_CREATED,False,NONE,41,EK-20240115005
90,2024-02-20 17:46:11.072,2024-02-20 17:46:11.105,,EK_ADMIN_FOLDER_CANCELED,90,EK_FOLDER_IN_PROGRESS,,NONE,42,EK-202402200068
18,2023-10-25 19:31:27.920,2024-02-04 20:05:44.546,POINT_OF_SALE,FINANCIAL_FOLDER,18,BANK_PAYMENT_CONFIRMATION,False,FINANCEABLE_CLIENT,41,EK-202310250018
94,2024-02-21 21:59:14.230,2024-02-22 14:56:53.588,,EK_ADMIN_FOLDER_CANCELED,94,EK_FOLDER_IN_PROGRESS,False,NONE,43,EK-202402210072
21,2023-12-18 20:59:50.832,2024-02-14 21:02:04.149,POINT_OF_SALE,FINANCIAL_FOLDER,21,BANK_PAYMENT_CONFIRMATION,False,FINANCEABLE_CLIENT,41,EK-202312180021
82,2024-02-17 08:28:08.655,2024-02-17 08:28:08.676,,EK_ADMIN_FOLDER_CANCELED,82,EK_FOLDER_IN_PROGRESS,,NONE,41,EK-202402170060
19,2023-11-29 09:54:57.180,2023-11-29 16:35:16.638,POINT_OF_SALE,EK_CLIENT_FOLDER_CANCELED,19,EK_FOLDER_IN_PROGRESS,False,NONE,41,EK-202311290019
2,2023-10-08 19:11:52.939,2023-11-12 12:34:38.455,POINT_OF_SALE,EK_ADMIN_FOLDER_CANCELED,2,EK_BANK_RESERVE,False,FINANCEABLE_CLIENT,42,EK-20231008002
13,2023-10-21 16:10:36.912,2024-02-04 20:06:36.691,POINT_OF_SALE,FINANCIAL_FOLDER,13,BANK_PAYMENT_CONFIRMATION,False,FINANCEABLE_CLIENT,41,EK-202310210013
17,2023-10-22 18:43:43.734,2023-11-12 12:15:46.724,POINT_OF_SALE,EK_ADMIN_FOLDER_CANCELED,17,EK_BANK_IN_PROGRESS,False,FINANCEABLE_CLIENT,41,EK-202310220017
8,2023-10-11 20:49:02.033,2023-11-28 11:57:10.539,POINT_OF_SALE,EK_ADMIN_FOLDER_CANCELED,8,EK_BANK_IN_PROGRESS,False,FINANCEABLE_CLIENT,41,EK-20231011008
49,2024-01-27 00:44:42.165,2024-01-27 13:35:52.252,,EK_ADMIN_FOLDER_CANCELED,49,EK_FOLDER_IN_PROGRESS,False,NONE,42,EK-202401270027
93,2024-02-21 15:03:42.447,2024-02-21 15:03:42.524,POINT_OF_SALE,EK_ADMIN_FOLDER_CANCELED,93,EK_FOLDER_CREATED,,NONE,41,EK-202402210071
25,2024-01-10 11:32:56.785,2024-02-20 22:34:34.643,POINT_OF_SALE,EK_ADMIN_FOLDER_CANCELED,25,EK_FOLDER_RESERVE,False,NONE,41,EK-20240110003
45,2024-01-24 01:00:10.418,2024-01-24 01:02:14.473,,EK_ADMIN_FOLDER_CANCELED,45,EK_FOLDER_IN_PROGRESS,False,NONE,41,EK-202401240023
44,2024-01-24 00:42:05.571,2024-01-24 00:44:16.894,,EK_ADMIN_FOLDER_CANCELED,44,EK_FOLDER_IN_PROGRESS,False,NONE,41,EK-202401240022
7,2023-10-10 15:05:23.436,2024-02-04 20:07:27.237,POINT_OF_SALE,FINANCIAL_FOLDER,7,BANK_PAYMENT_CONFIRMATION,False,FINANCEABLE_CLIENT,41,EK-20231010007
47,2024-01-25 13:58:44.490,2024-01-25 13:58:44.506,,EK_ADMIN_FOLDER_CANCELED,47,EK_FOLDER_IN_PROGRESS,,NONE,42,EK-202401250025
31,2024-01-16 14:51:05.689,2024-02-12 18:06:37.385,POINT_OF_SALE,FINANCIAL_FOLDER,31,BANK_PAYMENT_CONFIRMATION,False,FINANCEABLE_CLIENT,41,EK-20240116009
65,2024-02-10 13:50:18.978,2024-02-10 14:11:34.343,,EK_ADMIN_FOLDER_CANCELED,65,EK_FOLDER_IN_PROGRESS,False,NONE,43,EK-202402100043
57,2024-02-05 13:00:45.794,2024-02-05 13:00:45.818,,EK_ADMIN_FOLDER_CANCELED,57,EK_FOLDER_IN_PROGRESS,,NONE,41,EK-202402050035
75,2024-02-13 15:20:14.454,2024-02-13 15:20:14.528,,EK_ADMIN_FOLDER_CANCELED,75,EK_FOLDER_IN_PROGRESS,,NONE,41,EK-202402130053
53,2024-01-31 14:33:34.834,2024-01-31 14:33:34.907,,EK_ADMIN_FOLDER_CANCELED,53,EK_FOLDER_IN_PROGRESS,,NONE,42,EK-202401310031
33,2024-01-16 15:50:46.123,2024-01-16 15:52:19.484,,EK_ADMIN_FOLDER_CANCELED,33,EK_FOLDER_IN_PROGRESS,False,NONE,41,EK-202401160011
35,2024-01-17 09:54:49.817,2024-01-17 09:54:49.839,,EK_ADMIN_FOLDER_CANCELED,35,EK_FOLDER_IN_PROGRESS,,NONE,41,EK-202401170013
36,2024-01-17 10:18:22.563,2024-01-17 10:29:41.587,,EK_ADMIN_FOLDER_CANCELED,36,EK_FOLDER_IN_PROGRESS,False,NONE,41,EK-202401170014
69,2024-02-11 15:06:43.262,2024-02-14 12:19:30.453,POINT_OF_SALE,EK_ADMIN_FOLDER_CANCELED,69,EK_FOLDER_CREATED,False,NONE,77,EK-202402110047
71,2024-02-11 15:30:24.862,2024-02-11 15:30:24.876,POINT_OF_SALE,EK_ADMIN_FOLDER_CANCELED,71,EK_FOLDER_CREATED,,NONE,41,EK-202402110049
40,2024-01-23 10:50:23.083,2024-01-23 10:50:23.105,,EK_ADMIN_FOLDER_CANCELED,40,EK_FOLDER_IN_PROGRESS,,NONE,42,EK-202401230018
67,2024-02-10 15:02:20.205,2024-02-10 15:02:20.222,,EK_ADMIN_FOLDER_CANCELED,67,EK_FOLDER_IN_PROGRESS,,NONE,49,EK-202402100045
84,2024-02-18 14:18:29.389,2024-03-19 22:32:15.750,POINT_OF_SALE,FINANCIAL_FOLDER,84,BANK_PAYMENT_CONFIRMATION,False,FINANCEABLE_CLIENT,41,EK-202402180062
61,2024-02-07 23:09:05.237,2024-02-07 23:09:05.318,,EK_ADMIN_FOLDER_CANCELED,61,EK_FOLDER_IN_PROGRESS,,NONE,42,EK-202402070039
98,2024-02-22 14:16:53.618,2024-04-21 11:31:37.773,POINT_OF_SALE,FINANCIAL_FOLDER,98,BANK_PAYMENT_CONFIRMATION,False,FINANCEABLE_CLIENT,43,EK-202402220076
86,2024-02-19 11:24:23.668,2024-03-24 15:59:15.073,POINT_OF_SALE,FINANCIAL_FOLDER,86,BANK_PAYMENT_CONFIRMATION,False,FINANCEABLE_CLIENT,41,EK-202402190064
97,2024-02-22 09:55:36.659,2024-03-19 22:33:06.011,POINT_OF_SALE,FINANCIAL_FOLDER,97,BANK_PAYMENT_CONFIRMATION,False,FINANCEABLE_CLIENT,41,EK-202402220075
92,2024-02-21 11:39:25.195,2024-02-21 11:49:09.759,,EK_ADMIN_FOLDER_CANCELED,92,EK_FOLDER_IN_PROGRESS,False,NONE,43,EK-202402210070
88,2024-02-20 08:09:46.450,2024-02-21 16:50:05.559,,EK_FOLDER_REFUSED,88,EK_FOLDER_IN_PROGRESS,False,NONE,41,EK-202402200066
51,2024-01-29 12:36:29.112,2024-01-29 12:52:11.565,POINT_OF_SALE,EK_ADMIN_FOLDER_CANCELED,51,EK_FOLDER_CREATED,False,NONE,41,EK-202401290029
96,2024-02-22 09:36:50.108,2024-04-07 01:46:58.075,POINT_OF_SALE,FINANCIAL_FOLDER,96,BANK_PAYMENT_CONFIRMATION,False,FINANCEABLE_CLIENT,41,EK-202402220074
99,2024-02-22 14:40:19.031,2024-02-22 14:40:19.059,,EK_ADMIN_FOLDER_CANCELED,99,EK_FOLDER_IN_PROGRESS,,NONE,41,EK-202402220077
73,2024-02-12 09:47:09.144,2024-04-15 13:05:00.877,POINT_OF_SALE,FINANCIAL_FOLDER,73,BANK_PAYMENT_CONFIRMATION,False,FINANCEABLE_CLIENT,43,EK-202402120051
55,2024-02-05 10:52:03.240,2024-02-05 10:53:20.599,,EK_ADMIN_FOLDER_CANCELED,55,EK_FOLDER_IN_PROGRESS,False,NONE,41,EK-202402050033
121,2024-03-06 15:09:29.129,2024-05-25 13:48:05.220,POINT_OF_SALE,FINANCIAL_FOLDER,121,BANK_PAYMENT_CONFIRMATION,False,FINANCEABLE_CLIENT,42,EK-202403060099
135,2024-03-11 10:22:23.349,2024-05-16 12:22:22.571,POINT_OF_SALE,EK_BANK_REFUSED,135,EK_BANK_IN_PROGRESS,False,FINANCEABLE_CLIENT,77,EK-2024031100113
103,2024-02-24 09:24:50.400,2024-03-10 19:50:16.724,POINT_OF_SALE,EK_ADMIN_FOLDER_CANCELED,103,EK_FOLDER_IN_PROGRESS,False,FINANCEABLE_CLIENT,49,EK-202402240081
107,2024-02-26 00:13:35.880,2024-04-21 17:32:32.211,POINT_OF_SALE,FINANCIAL_FOLDER,107,BANK_PAYMENT_CONFIRMATION,False,FINANCEABLE_CLIENT,43,EK-202402260085
105,2024-02-25 17:55:08.647,2024-02-25 18:00:43.471,,EK_ADMIN_FOLDER_CANCELED,105,EK_FOLDER_IN_PROGRESS,False,NONE,41,EK-202402250083
106,2024-02-25 22:07:43.004,2024-02-25 22:07:43.035,,EK_ADMIN_FOLDER_CANCELED,106,EK_FOLDER_IN_PROGRESS,,NONE,41,EK-202402250084
137,2024-03-12 11:58:19.383,2024-03-20 12:11:52.656,,EK_ADMIN_FOLDER_CANCELED,137,CLIENT_CENTRAL_RISK_NOTIFICATION,False,FINANCEABLE_CLIENT,42,EK-2024031200115
136,2024-03-11 13:58:24.549,2024-04-07 01:43:27.915,POINT_OF_SALE,FINANCIAL_FOLDER,136,BANK_PAYMENT_CONFIRMATION,False,FINANCEABLE_CLIENT,77,EK-2024031100114
108,2024-02-26 00:28:27.766,2024-05-25 13:44:42.145,POINT_OF_SALE,FINANCIAL_FOLDER,108,BANK_PAYMENT_CONFIRMATION,False,FINANCEABLE_CLIENT,49,EK-202402260086
60,2024-02-07 00:38:45.452,2024-03-19 22:35:26.661,POINT_OF_SALE,FINANCIAL_FOLDER,60,BANK_PAYMENT_CONFIRMATION,False,FINANCEABLE_CLIENT,49,EK-202402070038
104,2024-02-24 12:55:03.690,2024-05-08 16:38:37.164,POINT_OF_SALE,FINANCIAL_FOLDER,104,BANK_PAYMENT_CONFIRMATION,False,FINANCEABLE_CLIENT,43,EK-202402240082
125,2024-03-07 12:07:13.353,2024-04-22 14:21:23.162,POINT_OF_SALE,FINANCIAL_FOLDER,125,BANK_PAYMENT_CONFIRMATION,False,FINANCEABLE_CLIENT,43,EK-2024030700103
119,2024-03-06 14:06:42.420,2024-05-29 09:14:28.917,POINT_OF_SALE,FINANCIAL_FOLDER,119,BANK_PAYMENT_CONFIRMATION,False,FINANCEABLE_CLIENT,42,EK-202403060097
130,2024-03-09 01:16:04.074,2024-04-02 13:18:44.428,POINT_OF_SALE,EK_ADMIN_FOLDER_CANCELED,130,EK_BANK_IN_PROGRESS,False,FINANCEABLE_CLIENT,43,EK-2024030900108
102,2024-02-23 22:39:26.059,2024-03-31 15:24:46.021,POINT_OF_SALE,EK_ADMIN_FOLDER_CANCELED,102,EK_BANK_IN_PROGRESS,False,FINANCEABLE_CLIENT,43,EK-202402230080
116,2024-03-03 23:18:48.479,2024-03-11 10:14:33.711,POINT_OF_SALE,EK_ADMIN_FOLDER_CANCELED,116,EK_FOLDER_IN_PROGRESS,False,NONE,49,EK-202403030094
109,2024-02-26 16:46:58.157,2024-02-27 16:50:04.983,POINT_OF_SALE,EK_ADMIN_FOLDER_CANCELED,109,EK_FOLDER_CREATED,False,NONE,41,EK-202402260087
126,2024-03-07 12:08:48.391,2024-05-02 19:53:35.627,POINT_OF_SALE,EK_ADMIN_FOLDER_CANCELED,126,EK_GUARTENTEES_PENDING_SIGNATURE,False,FINANCEABLE_CLIENT,42,EK-2024030700104
131,2024-03-09 10:45:33.411,2024-03-09 10:46:11.466,POINT_OF_SALE,EK_ADMIN_FOLDER_CANCELED,131,EK_FOLDER_CREATED,True,NONE,42,EK-2024030900109
132,2024-03-09 14:31:45.406,2024-05-09 16:58:12.659,POINT_OF_SALE,FINANCIAL_FOLDER,132,BANK_PAYMENT_CONFIRMATION,False,FINANCEABLE_CLIENT,42,EK-2024030900110
59,2024-02-06 23:36:26.782,2024-04-21 11:30:26.658,POINT_OF_SALE,FINANCIAL_FOLDER,59,BANK_PAYMENT_CONFIRMATION,False,FINANCEABLE_CLIENT,43,EK-202402060037
111,2024-02-28 11:44:50.149,2024-05-16 12:28:53.849,POINT_OF_SALE,FINANCIAL_FOLDER,111,BANK_PAYMENT_CONFIRMATION,False,FINANCEABLE_CLIENT,42,EK-202402280089
77,2024-02-14 11:29:41.227,2024-03-24 15:59:49.998,POINT_OF_SALE,FINANCIAL_FOLDER,77,BANK_PAYMENT_CONFIRMATION,False,FINANCEABLE_CLIENT,41,EK-202402140055
138,2024-03-13 00:25:44.316,2024-04-24 17:24:19.774,POINT_OF_SALE,FINANCIAL_FOLDER,138,BANK_PAYMENT_CONFIRMATION,False,FINANCEABLE_CLIENT,43,EK-2024031300116
100,2024-02-23 22:16:14.882,2024-03-17 05:26:52.105,POINT_OF_SALE,EK_ADMIN_FOLDER_CANCELED,100,EK_FOLDER_CREATED,False,NONE,43,EK-202402230078
120,2024-03-06 14:42:15.218,2024-03-06 22:11:12.984,POINT_OF_SALE,EK_ADMIN_FOLDER_CANCELED,120,EK_FOLDER_RESERVE,False,NONE,42,EK-202403060098
134,2024-03-10 11:18:23.581,2024-05-13 00:41:47.084,POINT_OF_SALE,EK_ADMIN_FOLDER_CANCELED,134,EK_GUARTENTEES_PENDING_SIGNATURE,False,FINANCEABLE_CLIENT,43,EK-2024031000112
124,2024-03-07 11:07:09.477,2024-03-28 09:31:10.883,POINT_OF_SALE,EK_ADMIN_FOLDER_CANCELED,124,CLIENT_CENTRAL_RISK_NOTIFICATION,False,FINANCEABLE_CLIENT,42,EK-2024030700102
122,2024-03-06 16:31:42.878,2024-04-07 01:44:28.080,POINT_OF_SALE,FINANCIAL_FOLDER,122,BANK_PAYMENT_CONFIRMATION,False,FINANCEABLE_CLIENT,42,EK-2024030600100
70,2024-02-11 15:27:08.377,2024-03-17 12:17:10.707,POINT_OF_SALE,FINANCIAL_FOLDER,70,BANK_PAYMENT_CONFIRMATION,False,FINANCEABLE_CLIENT,41,EK-202402110048
115,2024-02-29 12:34:17.497,2024-04-07 01:45:24.970,POINT_OF_SALE,FINANCIAL_FOLDER,115,BANK_PAYMENT_CONFIRMATION,False,FINANCEABLE_CLIENT,42,EK-202402290093
129,2024-03-08 22:04:19.930,2024-03-10 12:40:47.054,,EK_ADMIN_FOLDER_CANCELED,129,EK_FOLDER_IN_PROGRESS,False,NONE,43,EK-2024030800107
101,2024-02-23 22:28:08.092,2024-03-07 11:58:19.937,POINT_OF_SALE,EK_ADMIN_FOLDER_CANCELED,101,EK_FOLDER_CREATED,False,NONE,43,EK-202402230079
113,2024-02-29 11:35:48.738,2024-02-29 11:43:47.656,POINT_OF_SALE,EK_ADMIN_FOLDER_CANCELED,113,EK_FOLDER_CREATED,False,NONE,41,EK-202402290091
110,2024-02-28 10:20:47.060,2024-05-15 17:34:38.368,POINT_OF_SALE,FINANCIAL_FOLDER,110,BANK_PAYMENT_CONFIRMATION,False,FINANCEABLE_CLIENT,77,EK-202402280088
139,2024-03-13 06:55:30.352,2024-05-25 13:45:45.513,POINT_OF_SALE,FINANCIAL_FOLDER,139,BANK_PAYMENT_CONFIRMATION,False,FINANCEABLE_CLIENT,43,EK-2024031300117
123,2024-03-07 10:19:58.764,2024-03-07 10:20:25.829,,EK_ADMIN_FOLDER_CANCELED,123,EK_FOLDER_IN_PROGRESS,False,NONE,42,EK-2024030700101
117,2024-03-05 16:54:19.555,2024-03-05 16:54:19.568,POINT_OF_SALE,EK_ADMIN_FOLDER_CANCELED,117,EK_FOLDER_CREATED,,NONE,42,EK-202403050095
133,2024-03-09 14:57:43.104,2024-04-07 01:48:18.786,POINT_OF_SALE,FINANCIAL_FOLDER,133,BANK_PAYMENT_CONFIRMATION,False,FINANCEABLE_CLIENT,42,EK-2024030900111
95,2024-02-22 08:37:50.330,2024-04-22 13:42:19.757,POINT_OF_SALE,FINANCIAL_FOLDER,95,BANK_PAYMENT_CONFIRMATION,False,FINANCEABLE_CLIENT,43,EK-202402220073
127,2024-03-07 15:13:03.572,2024-03-07 15:13:03.599,,EK_ADMIN_FOLDER_CANCELED,127,EK_FOLDER_IN_PROGRESS,,NONE,42,EK-2024030700105
128,2024-03-07 16:26:20.597,2024-03-13 09:28:58.434,POINT_OF_SALE,EK_ADMIN_FOLDER_CANCELED,128,CLIENT_CENTRAL_RISK_NOTIFICATION,False,FINANCEABLE_CLIENT,42,EK-2024030700106
164,2024-03-21 11:32:13.415,2024-03-21 11:32:13.482,POINT_OF_SALE,EK_ADMIN_FOLDER_CANCELED,164,EK_FOLDER_CREATED,,NONE,42,EK-2024032100142
173,2024-03-25 12:43:44.125,2024-03-25 12:45:19.532,,EK_ADMIN_FOLDER_CANCELED,173,EK_FOLDER_IN_PROGRESS,False,NONE,42,EK-2024032500151
151,2024-03-17 10:35:11.008,2024-04-15 13:05:45.533,POINT_OF_SALE,FINANCIAL_FOLDER,151,BANK_PAYMENT_CONFIRMATION,False,FINANCEABLE_CLIENT,43,EK-2024031700129
141,2024-03-13 12:03:43.331,2024-03-13 15:47:36.404,POINT_OF_SALE,EK_FOLDER_REFUSED,141,EK_FOLDER_IN_PROGRESS,False,NONE,42,EK-2024031300119
175,2024-03-26 11:08:58.122,2024-05-29 09:15:59.669,POINT_OF_SALE,FINANCIAL_FOLDER,175,BANK_PAYMENT_CONFIRMATION,False,FINANCEABLE_CLIENT,77,EK-2024032600153
145,2024-03-14 11:46:38.181,2024-03-14 11:46:38.192,POINT_OF_SALE,EK_ADMIN_FOLDER_CANCELED,145,EK_FOLDER_CREATED,,NONE,43,EK-2024031400123
176,2024-03-26 13:39:25.929,2024-05-08 16:37:07.479,POINT_OF_SALE,FINANCIAL_FOLDER,176,BANK_PAYMENT_CONFIRMATION,False,FINANCEABLE_CLIENT,43,EK-2024032600154
143,2024-03-13 13:30:47.507,2024-03-26 13:27:40.787,POINT_OF_SALE,EK_FOLDER_REFUSED,143,EK_FOLDER_IN_PROGRESS,False,NONE,77,EK-2024031300121
167,2024-03-23 14:56:49.494,2024-03-23 14:56:49.515,POINT_OF_SALE,EK_ADMIN_FOLDER_CANCELED,167,EK_FOLDER_CREATED,,NONE,42,EK-2024032300145
142,2024-03-13 12:13:43.928,2024-03-30 12:59:57.563,POINT_OF_SALE,EK_ADMIN_FOLDER_CANCELED,142,EK_FOLDER_CREATED,True,NONE,49,EK-2024031300120
171,2024-03-25 10:05:42.367,2024-04-02 18:05:06.450,POINT_OF_SALE,EK_BANK_REFUSED,171,EK_BANK_IN_PROGRESS,False,FINANCEABLE_CLIENT,77,EK-2024032500149
170,2024-03-24 13:20:30.739,2024-03-24 13:20:30.750,POINT_OF_SALE,EK_ADMIN_FOLDER_CANCELED,170,EK_FOLDER_CREATED,,NONE,77,EK-2024032400148
172,2024-03-25 12:08:25.271,2024-03-31 14:50:10.532,POINT_OF_SALE,EK_ADMIN_FOLDER_CANCELED,172,EK_FOLDER_IN_PROGRESS,False,NONE,42,EK-2024032500150
152,2024-03-17 10:42:46.573,2024-04-23 10:47:21.447,POINT_OF_SALE,EK_ADMIN_FOLDER_CANCELED,152,EK_BANK_RESERVE,False,FINANCEABLE_CLIENT,77,EK-2024031700130
148,2024-03-16 12:43:58.301,2024-03-16 22:01:14.003,POINT_OF_SALE,EK_FOLDER_REFUSED,148,EK_FOLDER_IN_PROGRESS,False,NONE,42,EK-2024031600126
181,2024-03-27 14:08:00.228,2024-03-27 15:17:25.131,POINT_OF_SALE,EK_ADMIN_FOLDER_CANCELED,181,EK_FOLDER_CREATED,False,NONE,42,EK-2024032700159
161,2024-03-20 11:07:55.140,2024-04-21 12:00:36.310,POINT_OF_SALE,FINANCIAL_FOLDER,161,BANK_PAYMENT_CONFIRMATION,False,FINANCEABLE_CLIENT,42,EK-2024032000139
174,2024-03-25 15:40:46.329,2024-03-25 15:40:46.345,,EK_ADMIN_FOLDER_CANCELED,174,EK_FOLDER_IN_PROGRESS,,NONE,43,EK-2024032500152
149,2024-03-16 15:26:40.893,2024-03-17 15:59:47.363,POINT_OF_SALE,EK_ADMIN_FOLDER_CANCELED,149,EK_FOLDER_CREATED,False,NONE,42,EK-2024031600127
155,2024-03-17 14:33:08.720,2024-03-17 14:33:08.730,POINT_OF_SALE,EK_ADMIN_FOLDER_CANCELED,155,EK_FOLDER_CREATED,,NONE,42,EK-2024031700133
166,2024-03-23 10:55:32.108,2024-05-08 16:38:09.953,POINT_OF_SALE,FINANCIAL_FOLDER,166,BANK_PAYMENT_CONFIRMATION,False,FINANCEABLE_CLIENT,43,EK-2024032300144
156,2024-03-17 14:40:12.130,2024-03-17 14:40:12.146,POINT_OF_SALE,EK_ADMIN_FOLDER_CANCELED,156,EK_FOLDER_CREATED,,NONE,42,EK-2024031700134
168,2024-03-24 09:58:31.818,2024-03-25 11:32:42.820,,EK_ADMIN_FOLDER_CANCELED,168,EK_FOLDER_IN_PROGRESS,False,NONE,77,EK-2024032400146
158,2024-03-19 12:47:03.649,2024-04-23 10:27:07.377,POINT_OF_SALE,EK_ADMIN_FOLDER_CANCELED,158,EK_BANK_RESERVE,False,FINANCEABLE_CLIENT,43,EK-2024031900136
118,2024-03-06 09:54:37.953,2024-04-03 14:54:38.585,POINT_OF_SALE,FINANCIAL_FOLDER,118,BANK_PAYMENT_CONFIRMATION,False,FINANCEABLE_CLIENT,42,EK-202403060096
159,2024-03-19 12:49:10.327,2024-05-09 10:27:29.339,POINT_OF_SALE,FINANCIAL_FOLDER,159,BANK_PAYMENT_CONFIRMATION,False,FINANCEABLE_CLIENT,77,EK-2024031900137
178,2024-03-26 15:00:19.520,2024-05-29 09:26:09.596,POINT_OF_SALE,FINANCIAL_FOLDER,178,BANK_PAYMENT_CONFIRMATION,False,FINANCEABLE_CLIENT,98,EK-2024032600156
180,2024-03-27 14:05:44.678,2024-05-09 16:57:07.541,POINT_OF_SALE,FINANCIAL_FOLDER,180,BANK_PAYMENT_CONFIRMATION,False,FINANCEABLE_CLIENT,42,EK-2024032700158
146,2024-03-14 15:03:20.116,2024-03-17 10:51:10.848,POINT_OF_SALE,EK_ADMIN_FOLDER_CANCELED,146,EK_FOLDER_CREATED,False,NONE,49,EK-2024031400124
144,2024-03-13 13:58:18.321,2024-05-02 17:26:09.408,POINT_OF_SALE,FINANCIAL_FOLDER,144,BANK_PAYMENT_CONFIRMATION,False,FINANCEABLE_CLIENT,77,EK-2024031300122
162,2024-03-20 12:07:54.596,2024-04-21 11:32:50.826,POINT_OF_SALE,FINANCIAL_FOLDER,162,BANK_PAYMENT_CONFIRMATION,False,FINANCEABLE_CLIENT,42,EK-2024032000140
154,2024-03-17 14:06:08.170,2024-05-29 09:15:17.337,POINT_OF_SALE,FINANCIAL_FOLDER,154,BANK_PAYMENT_CONFIRMATION,False,FINANCEABLE_CLIENT,77,EK-2024031700132
165,2024-03-21 12:16:57.148,2024-04-21 17:32:07.071,POINT_OF_SALE,FINANCIAL_FOLDER,165,BANK_PAYMENT_CONFIRMATION,False,FINANCEABLE_CLIENT,43,EK-2024032100143
169,2024-03-24 10:51:11.559,2024-04-15 13:03:24.048,POINT_OF_SALE,FINANCIAL_FOLDER,169,BANK_PAYMENT_CONFIRMATION,False,FINANCEABLE_CLIENT,43,EK-2024032400147
177,2024-03-26 14:05:20.884,2024-04-24 16:59:59.433,POINT_OF_SALE,FINANCIAL_FOLDER,177,BANK_PAYMENT_CONFIRMATION,False,FINANCEABLE_CLIENT,43,EK-2024032600155
163,2024-03-20 14:34:00.481,2024-03-20 14:42:56.047,POINT_OF_SALE,EK_ADMIN_FOLDER_CANCELED,163,EK_FOLDER_CREATED,False,NONE,77,EK-2024032000141
160,2024-03-19 14:00:39.833,2024-03-19 14:00:39.846,POINT_OF_SALE,EK_ADMIN_FOLDER_CANCELED,160,EK_FOLDER_CREATED,,NONE,49,EK-2024031900138
140,2024-03-13 07:20:57.384,2024-05-25 13:46:43.043,POINT_OF_SALE,FINANCIAL_FOLDER,140,BANK_PAYMENT_CONFIRMATION,False,FINANCEABLE_CLIENT,43,EK-2024031300118
112,2024-02-28 12:18:27.473,2024-04-07 01:46:20.821,POINT_OF_SALE,FINANCIAL_FOLDER,112,BANK_PAYMENT_CONFIRMATION,False,FINANCEABLE_CLIENT,42,EK-202402280090
157,2024-03-19 11:02:48.100,2024-05-02 17:32:37.416,POINT_OF_SALE,FINANCIAL_FOLDER,157,BANK_PAYMENT_CONFIRMATION,False,FINANCEABLE_CLIENT,77,EK-2024031900135
153,2024-03-17 13:13:04.265,2024-04-15 12:27:17.416,POINT_OF_SALE,FINANCIAL_FOLDER,153,BANK_PAYMENT_CONFIRMATION,False,FINANCEABLE_CLIENT,43,EK-2024031700131
179,2024-03-27 13:22:50.082,2024-03-28 13:58:43.662,POINT_OF_SALE,EK_ADMIN_FOLDER_CANCELED,179,EK_FOLDER_CREATED,False,NONE,42,EK-2024032700157
185,2024-03-31 13:18:30.109,2024-05-15 17:34:07.739,POINT_OF_SALE,FINANCIAL_FOLDER,185,BANK_PAYMENT_CONFIRMATION,False,FINANCEABLE_CLIENT,77,EK-2024033100163
183,2024-03-29 12:26:50.272,2024-03-29 12:26:50.350,,EK_ADMIN_FOLDER_CANCELED,183,EK_FOLDER_IN_PROGRESS,,NONE,42,EK-2024032900161
150,2024-03-16 15:55:33.545,2024-04-04 10:49:08.263,POINT_OF_SALE,FINANCIAL_FOLDER,150,BANK_PAYMENT_CONFIRMATION,False,FINANCEABLE_CLIENT,42,EK-2024031600128
186,2024-03-31 13:19:19.209,2024-04-02 13:48:32.881,POINT_OF_SALE,EK_ADMIN_FOLDER_CANCELED,186,EK_FOLDER_CREATED,True,NONE,42,EK-2024033100164
191,2024-04-02 16:57:28.888,2024-04-02 16:57:28.910,,EK_ADMIN_FOLDER_CANCELED,191,EK_FOLDER_IN_PROGRESS,,NONE,43,EK-2024040200169
193,2024-04-02 22:06:20.662,2024-04-02 22:06:20.703,,EK_ADMIN_FOLDER_CANCELED,193,EK_FOLDER_IN_PROGRESS,,NONE,43,EK-2024040200171
190,2024-04-02 15:33:56.070,2024-04-02 15:35:43.517,POINT_OF_SALE,EK_ADMIN_FOLDER_CANCELED,190,EK_FOLDER_CREATED,True,NONE,77,EK-2024040200168
198,2024-04-03 18:41:14.165,2024-05-28 13:40:23.743,,EK_PHYSICAL_FOLDER_IN_PROGRESS,198,EK_BANK_PHYSICAL_FOLDER_IN_DELIVERY,False,FINANCEABLE_CLIENT,49,EK-2024040300176
182,2024-03-28 12:39:48.271,2024-03-31 11:35:09.882,,EK_ADMIN_FOLDER_CANCELED,182,EK_FOLDER_IN_PROGRESS,False,NONE,77,EK-2024032800160
216,2024-04-17 16:30:38.197,2024-04-17 16:30:38.210,POINT_OF_SALE,EK_ADMIN_FOLDER_CANCELED,216,EK_FOLDER_CREATED,,NONE,42,EK-2024041700194
192,2024-04-02 17:19:01.776,2024-04-02 17:25:28.022,,EK_ADMIN_FOLDER_CANCELED,192,EK_FOLDER_IN_PROGRESS,False,NONE,43,EK-2024040200170
205,2024-04-14 11:03:23.205,2024-04-14 11:03:23.239,,EK_ADMIN_FOLDER_CANCELED,205,EK_FOLDER_IN_PROGRESS,,NONE,49,EK-2024041400183
204,2024-04-14 10:45:02.014,2024-04-14 10:46:16.430,,EK_ADMIN_FOLDER_CANCELED,204,EK_FOLDER_IN_PROGRESS,False,NONE,49,EK-2024041400182
220,2024-04-20 11:08:00.372,2024-06-02 13:06:47.620,POINT_OF_SALE,EK_BANK_PHYSICAL_FOLDER_RESERVE,220,EK_BANK_PHYSICAL_FOLDER_IN_PROGRESS,False,FINANCEABLE_CLIENT,42,EK-2024042000198
221,2024-04-20 15:12:17.928,2024-05-09 17:01:05.081,POINT_OF_SALE,EK_BANK_REFUSED,221,BANK_NOTIFICATION,False,FINANCEABLE_CLIENT,42,EK-2024042000199
194,2024-04-02 23:37:05.301,2024-04-02 23:38:40.546,,EK_ADMIN_FOLDER_CANCELED,194,EK_FOLDER_IN_PROGRESS,False,NONE,49,EK-2024040200172
203,2024-04-13 01:36:09.657,2024-04-13 01:37:51.439,,EK_ADMIN_FOLDER_CANCELED,203,EK_FOLDER_IN_PROGRESS,False,NONE,77,EK-2024041300181
227,2024-04-23 11:44:23.642,2024-05-29 09:19:57.379,POINT_OF_SALE,FINANCIAL_FOLDER,227,BANK_PAYMENT_CONFIRMATION,False,FINANCEABLE_CLIENT,42,EK-2024042300205
196,2024-04-03 16:06:19.967,2024-04-06 19:27:09.073,,EK_ADMIN_FOLDER_CANCELED,196,EK_FOLDER_IN_PROGRESS,False,NONE,42,EK-2024040300174
187,2024-04-02 11:16:28.401,2024-05-25 13:43:16.163,POINT_OF_SALE,FINANCIAL_FOLDER,187,BANK_PAYMENT_CONFIRMATION,False,FINANCEABLE_CLIENT,77,EK-2024040200165
197,2024-04-03 16:16:03.039,2024-04-07 23:00:24.211,,EK_ADMIN_FOLDER_CANCELED,197,EK_FOLDER_IN_PROGRESS,False,NONE,42,EK-2024040300175
222,2024-04-20 18:55:03.493,2024-05-16 09:48:04.413,POINT_OF_SALE,EK_BANK_RESERVE,222,EK_BANK_IN_PROGRESS,False,FINANCEABLE_CLIENT,42,EK-2024042000200
202,2024-04-08 11:15:39.453,2024-04-09 02:39:02.791,POINT_OF_SALE,EK_FOLDER_REFUSED,202,EK_FOLDER_IN_PROGRESS,False,NONE,42,EK-2024040800180
199,2024-04-06 11:34:58.687,2024-04-24 13:45:40.704,POINT_OF_SALE,EK_ADMIN_FOLDER_CANCELED,199,EK_BANK_RESERVE,False,COMPLEMENT_REQUEST,98,EK-2024040600177
223,2024-04-21 16:22:41.438,2024-04-22 10:21:03.521,POINT_OF_SALE,EK_ADMIN_FOLDER_CANCELED,223,EK_FOLDER_CREATED,False,NONE,42,EK-2024042100201
215,2024-04-17 16:07:44.752,2024-05-09 16:59:34.464,POINT_OF_SALE,EK_BANK_REFUSED,215,BANK_NOTIFICATION,False,FINANCEABLE_CLIENT,42,EK-2024041700193
225,2024-04-21 19:04:39.973,2024-05-28 13:46:23.449,POINT_OF_SALE,EK_PHYSICAL_FOLDER_IN_PROGRESS,225,EK_BANK_PHYSICAL_FOLDER_IN_DELIVERY,False,FINANCEABLE_CLIENT,42,EK-2024042100203
218,2024-04-18 10:29:50.082,2024-05-29 09:17:41.476,POINT_OF_SALE,FINANCIAL_FOLDER,218,BANK_PAYMENT_CONFIRMATION,False,FINANCEABLE_CLIENT,98,EK-2024041800196
184,2024-03-30 12:37:37.973,2024-04-15 17:27:33.712,POINT_OF_SALE,EK_ADMIN_FOLDER_CANCELED,184,CLIENT_CENTRAL_RISK_NOTIFICATION,False,FINANCEABLE_CLIENT,77,EK-2024033000162
200,2024-04-06 14:18:25.493,2024-05-30 17:57:54.853,POINT_OF_SALE,FINANCIAL_FOLDER,200,BANK_PAYMENT_CONFIRMATION,False,FINANCEABLE_CLIENT,43,EK-2024040600178
212,2024-04-16 15:40:09.115,2024-04-16 15:40:09.175,,EK_ADMIN_FOLDER_CANCELED,212,EK_FOLDER_IN_PROGRESS,,NONE,42,EK-2024041600190
206,2024-04-14 13:07:18.594,2024-05-06 11:09:16.179,POINT_OF_SALE,EK_ADMIN_FOLDER_CANCELED,206,EK_FOLDER_CREATED,False,NONE,42,EK-2024041400184
211,2024-04-16 11:51:53.637,2024-04-16 11:51:53.671,,EK_ADMIN_FOLDER_CANCELED,211,EK_FOLDER_IN_PROGRESS,,NONE,42,EK-2024041600189
214,2024-04-16 17:29:04.760,2024-04-24 11:26:15.654,POINT_OF_SALE,EK_BANK_REFUSED,214,CENTRAL_RISK_CONSULTATION,False,NON_FINANCEABLE_CLIENT,42,EK-2024041600192
217,2024-04-17 16:39:47.867,2024-05-28 13:41:53.195,POINT_OF_SALE,EK_PHYSICAL_FOLDER_IN_PROGRESS,217,EK_BANK_PHYSICAL_FOLDER_IN_DELIVERY,False,FINANCEABLE_CLIENT,42,EK-2024041700195
209,2024-04-15 17:11:19.204,2024-04-24 11:55:39.069,POINT_OF_SALE,EK_BANK_REFUSED,209,CENTRAL_RISK_CONSULTATION,False,NON_FINANCEABLE_CLIENT,42,EK-2024041500187
208,2024-04-15 14:01:19.888,2024-05-16 12:32:14.352,POINT_OF_SALE,EK_BANK_REFUSED,208,EK_BANK_IN_PROGRESS,False,FINANCEABLE_CLIENT,42,EK-2024041500186
219,2024-04-18 10:45:04.982,2024-05-29 09:18:28.994,POINT_OF_SALE,FINANCIAL_FOLDER,219,BANK_PAYMENT_CONFIRMATION,False,FINANCEABLE_CLIENT,77,EK-2024041800197
224,2024-04-21 17:21:45.150,2024-04-22 12:27:28.759,POINT_OF_SALE,EK_ADMIN_FOLDER_CANCELED,224,EK_FOLDER_IN_PROGRESS,,NONE,42,EK-2024042100202
226,2024-04-22 13:05:53.963,2024-05-29 09:19:16.253,POINT_OF_SALE,FINANCIAL_FOLDER,226,BANK_PAYMENT_CONFIRMATION,False,FINANCEABLE_CLIENT,42,EK-2024042200204
264,2024-05-11 14:11:18.289,2024-05-30 14:07:36.385,POINT_OF_SALE,EK_BANK_IN_PROGRESS,264,CLIENT_CENTRAL_RISK_NOTIFICATION,False,FINANCEABLE_CLIENT,49,EK-2024051100242
244,2024-05-02 12:30:36.123,2024-05-27 18:55:24.792,POINT_OF_SALE,EK_PHYSICAL_FOLDER_IN_PROGRESS,244,EK_GUARTENTEES_SIGNED_IN_PROGRESS,False,FINANCEABLE_CLIENT,98,EK-2024050200222
232,2024-04-24 15:42:14.608,2024-04-24 16:02:25.940,POINT_OF_SALE,EK_ADMIN_FOLDER_CANCELED,232,EK_FOLDER_CREATED,False,NONE,42,EK-2024042400210
235,2024-04-25 10:48:21.570,2024-05-30 11:07:39.974,POINT_OF_SALE,EK_BANK_PHYSICAL_FOLDER_IN_PROGRESS,235,EK_BANK_PHYSICAL_FOLDER_IN_DELIVERY,False,FINANCEABLE_CLIENT,42,EK-2024042500213
251,2024-05-05 11:45:28.951,2024-05-06 17:31:02.920,POINT_OF_SALE,EK_ADMIN_FOLDER_CANCELED,251,EK_FOLDER_IN_PROGRESS,False,NONE,42,EK-2024050500229
255,2024-05-06 16:22:24.600,2024-05-20 15:40:54.818,POINT_OF_SALE,EK_ADMIN_FOLDER_CANCELED,255,EK_FOLDER_IN_PROGRESS,False,NONE,98,EK-2024050600233
188,2024-04-02 13:20:43.958,2024-05-02 13:55:56.327,POINT_OF_SALE,EK_BANK_REFUSED,188,BANK_NOTIFICATION,False,FINANCEABLE_CLIENT,77,EK-2024040200166
246,2024-05-03 20:36:43.304,2024-05-03 20:36:43.428,,EK_ADMIN_FOLDER_CANCELED,246,EK_FOLDER_IN_PROGRESS,,NONE,98,EK-2024050300224
236,2024-04-25 12:53:19.464,2024-04-25 12:53:19.622,,EK_ADMIN_FOLDER_CANCELED,236,EK_FOLDER_IN_PROGRESS,,NONE,77,EK-2024042500214
259,2024-05-08 12:41:25.800,2024-05-08 12:42:21.319,POINT_OF_SALE,EK_ADMIN_FOLDER_CANCELED,259,EK_FOLDER_CREATED,True,NONE,42,EK-2024050800237
245,2024-05-02 16:42:44.658,2024-05-27 12:19:11.227,POINT_OF_SALE,EK_BANK_IN_PROGRESS,245,CLIENT_CENTRAL_RISK_NOTIFICATION,False,FINANCEABLE_CLIENT,77,EK-2024050200223
254,2024-05-06 16:16:02.383,2024-05-27 17:27:11.001,POINT_OF_SALE,EK_BANK_IN_PROGRESS,254,CLIENT_CENTRAL_RISK_NOTIFICATION,False,FINANCEABLE_CLIENT,77,EK-2024050600232
265,2024-05-11 15:42:54.155,2024-05-28 11:46:33.053,POINT_OF_SALE,EK_FOLDER_REFUSED,265,EK_FOLDER_IN_PROGRESS,False,NONE,42,EK-2024051100243
260,2024-05-09 11:17:43.493,2024-05-23 11:19:36.300,POINT_OF_SALE,EK_BANK_REFUSED,260,CENTRAL_RISK_CONSULTATION,False,NON_FINANCEABLE_CLIENT,77,EK-2024050900238
247,2024-05-04 12:34:18.134,2024-05-27 23:37:51.462,POINT_OF_SALE,EK_BANK_IN_PROGRESS,247,CLIENT_CENTRAL_RISK_NOTIFICATION,False,FINANCEABLE_CLIENT,43,EK-2024050400225
233,2024-04-24 15:58:08.091,2024-05-30 11:07:56.174,POINT_OF_SALE,EK_BANK_PHYSICAL_FOLDER_IN_PROGRESS,233,EK_BANK_PHYSICAL_FOLDER_IN_DELIVERY,False,FINANCEABLE_CLIENT,42,EK-2024042400211
213,2024-04-16 16:38:41.885,2024-06-02 13:07:05.711,POINT_OF_SALE,EK_BANK_PHYSICAL_FOLDER_RESERVE,213,EK_BANK_PHYSICAL_FOLDER_IN_PROGRESS,False,FINANCEABLE_CLIENT,42,EK-2024041600191
207,2024-04-15 13:20:57.417,2024-06-02 15:39:50.183,POINT_OF_SALE,EK_BANK_PHYSICAL_FOLDER_IN_PROGRESS,207,EK_BANK_PHYSICAL_FOLDER_IN_DELIVERY,False,FINANCEABLE_CLIENT,43,EK-2024041500185
234,2024-04-24 16:45:05.729,2024-05-26 17:30:43.839,POINT_OF_SALE,EK_GUARTENTEES_PENDING_SIGNATURE,234,EK_CONTROL_BEFORE_GUARANTEES_PRINTING,False,FINANCEABLE_CLIENT,42,EK-2024042400212
248,2024-05-04 13:15:37.317,2024-05-28 14:04:35.351,POINT_OF_SALE,EK_PHYSICAL_FOLDER_IN_PROGRESS,248,EK_GUARTENTEES_SIGNED_IN_PROGRESS,False,FINANCEABLE_CLIENT,43,EK-2024050400226
257,2024-05-07 13:33:02.077,2024-05-07 13:33:02.092,POINT_OF_SALE,EK_ADMIN_FOLDER_CANCELED,257,EK_FOLDER_CREATED,,NONE,77,EK-2024050700235
243,2024-04-30 12:27:43.267,2024-05-30 11:07:12.234,POINT_OF_SALE,EK_BANK_PHYSICAL_FOLDER_IN_PROGRESS,243,EK_BANK_PHYSICAL_FOLDER_IN_DELIVERY,False,FINANCEABLE_CLIENT,42,EK-2024043000221
252,2024-05-05 23:17:21.933,2024-05-29 11:38:06.799,,BANK_NOTIFICATION,252,EK_BANK_IN_PROGRESS,False,FINANCEABLE_CLIENT,49,EK-2024050500230
242,2024-04-29 17:38:31.126,2024-05-26 23:50:05.933,POINT_OF_SALE,EK_BANK_IN_PROGRESS,242,CLIENT_CENTRAL_RISK_NOTIFICATION,False,FINANCEABLE_CLIENT,42,EK-2024042900220
262,2024-05-09 23:21:52.676,2024-05-09 23:21:52.864,,EK_ADMIN_FOLDER_CANCELED,262,EK_FOLDER_IN_PROGRESS,,NONE,77,EK-2024050900240
238,2024-04-25 18:37:55.566,2024-05-16 16:41:38.248,POINT_OF_SALE,EK_BANK_REFUSED,238,BANK_NOTIFICATION,False,FINANCEABLE_CLIENT,42,EK-2024042500216
210,2024-04-15 18:08:41.463,2024-05-30 11:06:22.138,POINT_OF_SALE,EK_BANK_PHYSICAL_FOLDER_IN_PROGRESS,210,EK_BANK_PHYSICAL_FOLDER_IN_DELIVERY,False,FINANCEABLE_CLIENT,42,EK-2024041500188
240,2024-04-28 10:34:24.116,2024-04-28 10:34:24.148,POINT_OF_SALE,EK_ADMIN_FOLDER_CANCELED,240,EK_FOLDER_CREATED,,NONE,43,EK-2024042800218
228,2024-04-23 12:43:40.195,2024-04-27 23:35:59.507,,EK_ADMIN_FOLDER_CANCELED,228,EK_FOLDER_RESERVE,False,NONE,42,EK-2024042300206
237,2024-04-25 16:43:28.916,2024-04-30 17:45:43.044,,EK_ADMIN_FOLDER_CANCELED,237,EK_FOLDER_RESERVE,False,NONE,77,EK-2024042500215
147,2024-03-16 10:17:30.031,2024-05-29 09:21:16.862,POINT_OF_SALE,FINANCIAL_FOLDER,147,BANK_PAYMENT_CONFIRMATION,False,FINANCEABLE_CLIENT,42,EK-2024031600125
231,2024-04-24 15:10:09.115,2024-05-30 17:57:41.254,POINT_OF_SALE,FINANCIAL_FOLDER,231,BANK_PAYMENT_CONFIRMATION,False,FINANCEABLE_CLIENT,98,EK-2024042400209
263,2024-05-09 23:53:42.412,2024-05-09 23:53:42.450,,EK_ADMIN_FOLDER_CANCELED,263,EK_FOLDER_IN_PROGRESS,,NONE,77,EK-2024050900241
261,2024-05-09 14:04:06.158,2024-05-27 12:53:14.282,POINT_OF_SALE,EK_BANK_IN_PROGRESS,261,CLIENT_CENTRAL_RISK_NOTIFICATION,False,FINANCEABLE_CLIENT,42,EK-2024050900239
258,2024-05-08 12:40:13.314,2024-05-23 11:08:26.073,POINT_OF_SALE,EK_BANK_REFUSED,258,CENTRAL_RISK_CONSULTATION,False,NON_FINANCEABLE_CLIENT,42,EK-2024050800236
230,2024-04-24 10:58:40.062,2024-05-30 11:08:05.935,POINT_OF_SALE,EK_BANK_PHYSICAL_FOLDER_IN_PROGRESS,230,EK_BANK_PHYSICAL_FOLDER_IN_DELIVERY,False,FINANCEABLE_CLIENT,42,EK-2024042400208
189,2024-04-02 15:20:17.786,2024-05-28 13:41:19.588,,EK_PHYSICAL_FOLDER_IN_PROGRESS,189,EK_BANK_PHYSICAL_FOLDER_IN_DELIVERY,False,FINANCEABLE_CLIENT,42,EK-2024040200167
253,2024-05-06 15:47:49.061,2024-05-30 12:39:39.351,POINT_OF_SALE,EK_BANK_IN_PROGRESS,253,CLIENT_CENTRAL_RISK_NOTIFICATION,False,FINANCEABLE_CLIENT,98,EK-2024050600231
256,2024-05-07 13:28:41.514,2024-05-08 10:57:22.490,POINT_OF_SALE,EK_ADMIN_FOLDER_CANCELED,256,EK_FOLDER_CREATED,True,NONE,77,EK-2024050700234
239,2024-04-27 17:54:05.555,2024-05-30 17:56:29.428,POINT_OF_SALE,EK_BANK_PHYSICAL_FOLDER_IN_PROGRESS,239,EK_BANK_PHYSICAL_FOLDER_IN_DELIVERY,False,COMPLEMENT_REQUEST,98,EK-2024042700217
291,2024-05-26 17:28:42.616,2024-05-30 11:14:35.457,POINT_OF_SALE,CENTRAL_RISK_CONSULTATION,291,EK_FOLDER_IN_PROGRESS,False,NONE,77,EK-2024052600269
285,2024-05-21 17:46:42.216,2024-05-22 11:59:40.663,,EK_ADMIN_FOLDER_CANCELED,285,EK_FOLDER_IN_PROGRESS,False,NONE,77,EK-2024052100263
271,2024-05-12 15:11:15.668,2024-05-12 15:11:15.816,,EK_ADMIN_FOLDER_CANCELED,271,EK_FOLDER_IN_PROGRESS,,NONE,42,EK-2024051200249
267,2024-05-12 10:53:46.022,2024-05-12 10:57:51.504,POINT_OF_SALE,EK_ADMIN_FOLDER_CANCELED,267,EK_FOLDER_CREATED,True,NONE,77,EK-2024051200245
195,2024-04-03 15:01:39.235,2024-05-25 13:44:02.761,POINT_OF_SALE,FINANCIAL_FOLDER,195,BANK_PAYMENT_CONFIRMATION,False,FINANCEABLE_CLIENT,98,EK-2024040300173
287,2024-05-22 12:33:35.925,2024-05-26 01:39:34.716,POINT_OF_SALE,EK_FOLDER_REFUSED,287,EK_FOLDER_IN_PROGRESS,False,NONE,49,EK-2024052200265
294,2024-05-27 12:13:33.748,2024-05-30 16:25:12.843,POINT_OF_SALE,EK_FOLDER_RESERVE,294,EK_FOLDER_IN_PROGRESS,False,NONE,77,EK-2024052700272
266,2024-05-11 17:40:44.971,2024-05-12 10:59:29.187,POINT_OF_SALE,EK_ADMIN_FOLDER_CANCELED,266,EK_FOLDER_CREATED,True,NONE,42,EK-2024051100244
268,2024-05-12 11:28:29.968,2024-05-27 17:56:41.033,POINT_OF_SALE,EK_BANK_IN_PROGRESS,268,CLIENT_CENTRAL_RISK_NOTIFICATION,False,FINANCEABLE_CLIENT,77,EK-2024051200246
307,2024-05-30 11:02:42.359,2024-05-30 21:51:18.735,POINT_OF_SALE,CENTRAL_RISK_CONSULTATION,307,EK_FOLDER_IN_PROGRESS,False,NONE,42,EK-2024053000285
293,2024-05-27 11:36:29.870,2024-05-29 14:33:48.817,POINT_OF_SALE,EK_BANK_IN_PROGRESS,293,CLIENT_CENTRAL_RISK_NOTIFICATION,False,FINANCEABLE_CLIENT,42,EK-2024052700271
288,2024-05-22 15:38:19.619,2024-05-30 13:52:47.866,POINT_OF_SALE,EK_BANK_IN_PROGRESS,288,CLIENT_CENTRAL_RISK_NOTIFICATION,False,FINANCEABLE_CLIENT,43,EK-2024052200266
296,2024-05-27 16:11:56.997,2024-05-28 10:28:52.940,POINT_OF_SALE,EK_FOLDER_CREATED,296,EK_FOLDER_CREATED,True,NONE,77,EK-2024052700274
298,2024-05-28 13:02:28.796,2024-05-29 17:25:05.439,POINT_OF_SALE,EK_FOLDER_IN_PROGRESS,298,EK_FOLDER_CREATED,False,NONE,77,EK-2024052800276
277,2024-05-15 12:14:07.389,2024-05-29 11:17:45.309,POINT_OF_SALE,BANK_NOTIFICATION,277,EK_BANK_IN_PROGRESS,False,FINANCEABLE_CLIENT,42,EK-2024051500255
280,2024-05-19 14:26:04.472,2024-05-29 09:20:36.457,POINT_OF_SALE,FINANCIAL_FOLDER,280,BANK_PAYMENT_CONFIRMATION,False,FINANCEABLE_CLIENT,42,EK-2024051900258
283,2024-05-20 17:40:05.638,2024-05-20 18:11:38.195,POINT_OF_SALE,EK_FOLDER_CREATED,283,EK_FOLDER_CREATED,False,NONE,42,EK-2024052000261
269,2024-05-12 11:52:55.044,2024-05-14 11:23:27.358,,EK_ADMIN_FOLDER_CANCELED,269,EK_FOLDER_IN_PROGRESS,False,NONE,98,EK-2024051200247
281,2024-05-19 17:43:15.526,2024-05-23 14:34:40.274,POINT_OF_SALE,EK_FOLDER_IN_PROGRESS,281,EK_FOLDER_CREATED,False,NONE,98,EK-2024051900259
279,2024-05-16 14:50:50.766,2024-05-29 09:16:42.125,POINT_OF_SALE,FINANCIAL_FOLDER,279,BANK_PAYMENT_CONFIRMATION,False,FINANCEABLE_CLIENT,49,EK-2024051600257
302,2024-05-28 16:36:40.017,2024-06-02 16:06:04.329,POINT_OF_SALE,CENTRAL_RISK_CONSULTATION,302,EK_FOLDER_IN_PROGRESS,False,NONE,42,EK-2024052800280
272,2024-05-12 18:14:04.678,2024-06-02 17:53:01.623,POINT_OF_SALE,EK_FOLDER_IN_PROGRESS,272,EK_FOLDER_REFUSED,False,NONE,42,EK-2024051200250
292,2024-05-27 11:14:24.799,2024-05-30 15:25:11.518,POINT_OF_SALE,CENTRAL_RISK_CONSULTATION,292,EK_FOLDER_IN_PROGRESS,False,NONE,77,EK-2024052700270
282,2024-05-19 20:03:33.677,2024-05-19 20:37:37.473,POINT_OF_SALE,EK_FOLDER_CREATED,282,EK_FOLDER_CREATED,False,NONE,49,EK-2024051900260
274,2024-05-13 13:58:15.281,2024-05-26 15:15:26.820,,EK_BANK_IN_PROGRESS,274,CLIENT_CENTRAL_RISK_NOTIFICATION,False,FINANCEABLE_CLIENT,49,EK-2024051300252
273,2024-05-13 12:18:45.384,2024-05-26 15:48:45.257,POINT_OF_SALE,EK_BANK_IN_PROGRESS,273,CLIENT_CENTRAL_RISK_NOTIFICATION,False,FINANCEABLE_CLIENT,42,EK-2024051300251
270,2024-05-12 14:24:58.931,2024-05-26 16:34:33.770,POINT_OF_SALE,EK_BANK_IN_PROGRESS,270,CLIENT_CENTRAL_RISK_NOTIFICATION,False,FINANCEABLE_CLIENT,42,EK-2024051200248
278,2024-05-16 10:36:17.299,2024-05-29 10:51:45.366,POINT_OF_SALE,BANK_NOTIFICATION,278,EK_BANK_IN_PROGRESS,False,FINANCEABLE_CLIENT,77,EK-2024051600256
289,2024-05-23 11:59:38.819,2024-05-30 14:55:49.495,POINT_OF_SALE,EK_BANK_IN_PROGRESS,289,CLIENT_CENTRAL_RISK_NOTIFICATION,False,FINANCEABLE_CLIENT,43,EK-2024052300267
250,2024-05-05 11:45:17.506,2024-05-28 13:47:37.221,POINT_OF_SALE,EK_BANK_IN_PROGRESS,250,CLIENT_CENTRAL_RISK_NOTIFICATION,False,FINANCEABLE_CLIENT,77,EK-2024050500228
297,2024-05-28 11:16:06.504,2024-05-30 13:51:53.789,POINT_OF_SALE,CENTRAL_RISK_CONSULTATION,297,EK_FOLDER_IN_PROGRESS,False,NONE,98,EK-2024052800275
286,2024-05-21 19:25:52.989,2024-05-21 19:28:48.558,POINT_OF_SALE,EK_ADMIN_FOLDER_CANCELED,286,EK_FOLDER_CREATED,False,NONE,49,EK-2024052100264
290,2024-05-26 10:57:00.633,2024-05-28 15:30:08.261,,EK_FOLDER_IN_PROGRESS,290,EK_FOLDER_IN_PROGRESS,False,NONE,43,EK-2024052600268
300,2024-05-28 15:05:15.842,2024-05-30 15:48:37.765,POINT_OF_SALE,EK_FOLDER_CREATED,300,EK_FOLDER_CREATED,False,NONE,49,EK-2024052800278
301,2024-05-28 15:20:12.598,2024-05-28 15:20:12.931,,EK_ADMIN_FOLDER_CANCELED,301,EK_FOLDER_IN_PROGRESS,,NONE,42,EK-2024052800279
284,2024-05-21 16:38:23.129,2024-05-29 12:33:38.843,POINT_OF_SALE,EK_BANK_REFUSED,284,CENTRAL_RISK_CONSULTATION,False,NON_FINANCEABLE_CLIENT,49,EK-2024052100262
304,2024-05-29 12:08:35.005,2024-05-29 12:20:55.473,POINT_OF_SALE,EK_FOLDER_CREATED,304,EK_FOLDER_CREATED,False,NONE,77,EK-2024052900282
295,2024-05-27 13:29:26.633,2024-05-29 17:51:13.417,POINT_OF_SALE,EK_FOLDER_CREATED,295,EK_FOLDER_CREATED,False,NONE,98,EK-2024052700273
306,2024-05-29 17:45:25.689,2024-05-29 17:58:51.860,POINT_OF_SALE,EK_FOLDER_CREATED,306,EK_FOLDER_CREATED,False,NONE,42,EK-2024052900284
275,2024-05-14 10:04:48.538,2024-05-30 15:55:15.371,,EK_FOLDER_IN_PROGRESS,275,EK_FOLDER_IN_PROGRESS,False,NONE,49,EK-2024051400253
276,2024-05-14 13:16:04.817,2024-05-30 11:08:07.346,POINT_OF_SALE,EK_BANK_IN_PROGRESS,276,EK_BANK_RESERVE,False,FINANCEABLE_CLIENT,42,EK-2024051400254
308,2024-05-30 11:19:24.684,2024-05-30 17:20:22.021,POINT_OF_SALE,EK_FOLDER_CREATED,308,EK_FOLDER_CREATED,False,NONE,77,EK-2024053000286
305,2024-05-29 12:16:24.694,2024-05-30 15:23:02.118,POINT_OF_SALE,CENTRAL_RISK_CONSULTATION,305,EK_FOLDER_IN_PROGRESS,False,NONE,42,EK-2024052900283
309,2024-05-30 15:51:45.115,2024-05-30 15:56:30.188,POINT_OF_SALE,EK_FOLDER_CREATED,309,EK_FOLDER_CREATED,False,NONE,49,EK-2024053000287
201,2024-04-06 15:55:43.373,2024-06-02 09:31:34.405,POINT_OF_SALE,EK_BANK_PHYSICAL_FOLDER_IN_PROGRESS,201,EK_BANK_PHYSICAL_FOLDER_IN_DELIVERY,False,FINANCEABLE_CLIENT,49,EK-2024040600179
303,2024-05-28 17:33:45.527,2024-05-28 18:35:01.298,POINT_OF_SALE,EK_ADMIN_FOLDER_CANCELED,303,EK_FOLDER_CREATED,False,NONE,42,EK-2024052800281
241,2024-04-28 14:53:18.164,2024-06-02 12:06:50.694,POINT_OF_SALE,EK_PHYSICAL_FOLDER_IN_PROGRESS,241,EK_GUARTENTEES_SIGNED_IN_PROGRESS,False,FINANCEABLE_CLIENT,43,EK-2024042800219
299,2024-05-28 14:46:48.091,2024-06-02 12:58:30.424,POINT_OF_SALE,CENTRAL_RISK_CONSULTATION,299,EK_FOLDER_IN_PROGRESS,False,NONE,77,EK-2024052800277
249,2024-05-04 17:38:43.595,2024-06-02 13:02:25.575,POINT_OF_SALE,EK_BANK_PHYSICAL_FOLDER_RESERVE,249,EK_BANK_PHYSICAL_FOLDER_IN_PROGRESS,False,FINANCEABLE_CLIENT,42,EK-2024050400227
63,2024-02-09 22:07:24.422,2024-06-02 13:06:56.969,POINT_OF_SALE,EK_BANK_PHYSICAL_FOLDER_RESERVE,63,EK_BANK_PHYSICAL_FOLDER_IN_PROGRESS,False,FINANCEABLE_CLIENT,43,EK-202402090041
229,2024-04-23 12:48:55.829,2024-06-02 13:07:24.289,POINT_OF_SALE,EK_BANK_PHYSICAL_FOLDER_RESERVE,229,EK_BANK_PHYSICAL_FOLDER_IN_PROGRESS,False,FINANCEABLE_CLIENT,42,EK-2024042300207
114,2024-02-29 11:44:39.854,2024-06-02 13:07:46.064,POINT_OF_SALE,EK_BANK_PHYSICAL_FOLDER_RESERVE,114,EK_BANK_PHYSICAL_FOLDER_IN_PROGRESS,False,FINANCEABLE_CLIENT,77,EK-202402290092
310,2024-06-02 18:37:14.372,2024-06-02 18:42:26.452,POINT_OF_SALE,EK_FOLDER_CREATED,310,EK_FOLDER_CREATED,False,NONE,43,EK-2024060200288
